[
  {
    "platform" : "ANDROID_ARM",
    "searchTime" : "2024-11-19T07:36:44.473Z[UTC]",
    "searchQuery" : "th",
    "searchInteractionURIs" : [
    ]
  },
  {
    "platform" : "ANDROID",
    "searchTime" : "2024-11-19T07:36:46.300Z[UTC]",
    "searchQuery" : "the smith ",
    "searchInteractionURIs" : [
      "spotify:artist:3yY2gUcIsjMr8hjo51PoJ8"
    ]
  },
  {
    "platform" : "",
    "searchTime" : "2024-11-22T07:46:09.242Z[UTC]",
    "searchQuery" : "fra",
    "searchInteractionURIs" : [
    ]
  },
  {
    "platform" : "",
    "searchTime" : "2024-11-22T07:46:09.303Z[UTC]",
    "searchQuery" : "fra",
    "searchInteractionURIs" : [
    ]
  },
  {
    "platform" : "",
    "searchTime" : "2024-11-22T07:46:09.731Z[UTC]",
    "searchQuery" : "france",
    "searchInteractionURIs" : [
    ]
  },
  {
    "platform" : "",
    "searchTime" : "2024-11-22T07:46:09.797Z[UTC]",
    "searchQuery" : "france",
    "searchInteractionURIs" : [
    ]
  },
  {
    "platform" : "ANDROID",
    "searchTime" : "2024-11-22T07:46:11.282Z[UTC]",
    "searchQuery" : "france inter",
    "searchInteractionURIs" : [
      "spotify:show:108ja5N6Lhjl7M8TjTYcNa",
      "spotify:show:58PM4YR8kDyH7lU5yVbgjT"
    ]
  },
  {
    "platform" : "",
    "searchTime" : "2024-11-23T18:54:47.301Z[UTC]",
    "searchQuery" : "bi",
    "searchInteractionURIs" : [
    ]
  },
  {
    "platform" : "",
    "searchTime" : "2024-11-23T18:54:47.389Z[UTC]",
    "searchQuery" : "bi",
    "searchInteractionURIs" : [
    ]
  },
  {
    "platform" : "",
    "searchTime" : "2024-11-23T18:54:47.872Z[UTC]",
    "searchQuery" : "bill",
    "searchInteractionURIs" : [
    ]
  },
  {
    "platform" : "",
    "searchTime" : "2024-11-23T18:54:47.968Z[UTC]",
    "searchQuery" : "bill",
    "searchInteractionURIs" : [
    ]
  },
  {
    "platform" : "ANDROID",
    "searchTime" : "2024-11-23T18:54:50.504Z[UTC]",
    "searchQuery" : "bill",
    "searchInteractionURIs" : [
      "spotify:search:billie+eilish"
    ]
  },
  {
    "platform" : "ANDROID",
    "searchTime" : "2024-11-23T18:54:52.619Z[UTC]",
    "searchQuery" : "billie eilish",
    "searchInteractionURIs" : [
      "spotify:artist:6qqNVTkY8uBg9cP3Jd7DAH"
    ]
  },
  {
    "platform" : "ANDROID_ARM",
    "searchTime" : "2024-11-24T17:00:13.170Z[UTC]",
    "searchQuery" : "\"j\"",
    "searchInteractionURIs" : [
    ]
  },
  {
    "platform" : "",
    "searchTime" : "2024-11-24T17:00:13.313Z[UTC]",
    "searchQuery" : "\"jou\"",
    "searchInteractionURIs" : [
    ]
  },
  {
    "platform" : "",
    "searchTime" : "2024-11-24T17:00:13.793Z[UTC]",
    "searchQuery" : "\"journ\"",
    "searchInteractionURIs" : [
    ]
  },
  {
    "platform" : "",
    "searchTime" : "2024-11-24T17:00:14.298Z[UTC]",
    "searchQuery" : "\"journal d\"",
    "searchInteractionURIs" : [
    ]
  },
  {
    "platform" : "",
    "searchTime" : "2024-11-24T17:00:14.790Z[UTC]",
    "searchQuery" : "\"journal de \"",
    "searchInteractionURIs" : [
    ]
  },
  {
    "platform" : "",
    "searchTime" : "2024-11-24T17:00:15.308Z[UTC]",
    "searchQuery" : "\"journal de 7\"",
    "searchInteractionURIs" : [
    ]
  },
  {
    "platform" : "",
    "searchTime" : "2024-11-24T17:00:15.808Z[UTC]",
    "searchQuery" : "\"journal de 7h\"",
    "searchInteractionURIs" : [
    ]
  },
  {
    "platform" : "ANDROID",
    "searchTime" : "2024-11-29T09:38:08.253Z[UTC]",
    "searchQuery" : "nada surf",
    "searchInteractionURIs" : [
      "spotify:search:nada+surf"
    ]
  },
  {
    "platform" : "ANDROID",
    "searchTime" : "2024-11-29T09:38:09.794Z[UTC]",
    "searchQuery" : "nada surf",
    "searchInteractionURIs" : [
      "spotify:track:48sJGpBLqQTs0sZ2ImHJof",
      "spotify:artist:11zHPjHnZN0ACA50rSnTcy"
    ]
  },
  {
    "platform" : "ANDROID",
    "searchTime" : "2024-12-05T10:29:15.355Z[UTC]",
    "searchQuery" : "pla",
    "searchInteractionURIs" : [
    ]
  },
  {
    "platform" : "",
    "searchTime" : "2024-12-05T10:29:15.789Z[UTC]",
    "searchQuery" : "pl",
    "searchInteractionURIs" : [
    ]
  },
  {
    "platform" : "",
    "searchTime" : "2024-12-05T10:29:15.856Z[UTC]",
    "searchQuery" : "pl",
    "searchInteractionURIs" : [
    ]
  },
  {
    "platform" : "",
    "searchTime" : "2024-12-05T10:29:15.945Z[UTC]",
    "searchQuery" : "p",
    "searchInteractionURIs" : [
    ]
  },
  {
    "platform" : "",
    "searchTime" : "2024-12-05T10:29:15.987Z[UTC]",
    "searchQuery" : "p",
    "searchInteractionURIs" : [
    ]
  },
  {
    "platform" : "ANDROID",
    "searchTime" : "2024-12-05T10:29:20.357Z[UTC]",
    "searchQuery" : "spotify",
    "searchInteractionURIs" : [
      "spotify:playlist:37i9dQZF1EIdAJQPkhbzRM",
      "spotify:playlist:37i9dQZF1DXaMu9xyX1HzK",
      "spotify:playlist:37i9dQZF1EIg14kyQFjAdu",
      "spotify:playlist:37i9dQZF1EIguQ8anE2T1C"
    ]
  },
  {
    "platform" : "",
    "searchTime" : "2024-12-05T10:29:45.916Z[UTC]",
    "searchQuery" : "spotify",
    "searchInteractionURIs" : [
    ]
  },
  {
    "platform" : "",
    "searchTime" : "2024-12-06T13:28:58.129Z[UTC]",
    "searchQuery" : "fr",
    "searchInteractionURIs" : [
    ]
  },
  {
    "platform" : "",
    "searchTime" : "2024-12-06T13:28:58.216Z[UTC]",
    "searchQuery" : "fr",
    "searchInteractionURIs" : [
    ]
  },
  {
    "platform" : "ANDROID",
    "searchTime" : "2024-12-06T13:28:59.666Z[UTC]",
    "searchQuery" : "freeze ",
    "searchInteractionURIs" : [
      "spotify:artist:76Pl0epAMXVXJspaSuz8im"
    ]
  },
  {
    "platform" : "",
    "searchTime" : "2024-12-11T09:21:34.741Z[UTC]",
    "searchQuery" : "p",
    "searchInteractionURIs" : [
    ]
  },
  {
    "platform" : "",
    "searchTime" : "2024-12-11T09:21:34.812Z[UTC]",
    "searchQuery" : "p",
    "searchInteractionURIs" : [
    ]
  },
  {
    "platform" : "",
    "searchTime" : "2024-12-11T09:21:36.189Z[UTC]",
    "searchQuery" : "poadcas",
    "searchInteractionURIs" : [
    ]
  },
  {
    "platform" : "",
    "searchTime" : "2024-12-11T09:21:36.238Z[UTC]",
    "searchQuery" : "poadcas",
    "searchInteractionURIs" : [
    ]
  },
  {
    "platform" : "",
    "searchTime" : "2024-12-11T09:21:36.250Z[UTC]",
    "searchQuery" : "podcas",
    "searchInteractionURIs" : [
    ]
  },
  {
    "platform" : "ANDROID",
    "searchTime" : "2024-12-11T09:21:36.995Z[UTC]",
    "searchQuery" : "poadcast",
    "searchInteractionURIs" : [
      "spotify:show:5AU3GzHiJhrRgUsJ8iEdxZ",
      "spotify:playlist:71D6ekJbJN2sYBeKxnSXwT",
      "spotify:show:5a0zPZIpuMg2oTRxqdZy35",
      "spotify:episode:5nKgkDisj9lLz5thohGtAR"
    ]
  },
  {
    "platform" : "",
    "searchTime" : "2024-12-11T09:23:14.270Z[UTC]",
    "searchQuery" : "not",
    "searchInteractionURIs" : [
    ]
  },
  {
    "platform" : "",
    "searchTime" : "2024-12-11T09:23:14.335Z[UTC]",
    "searchQuery" : "not",
    "searchInteractionURIs" : [
    ]
  },
  {
    "platform" : "",
    "searchTime" : "2024-12-11T09:23:14.440Z[UTC]",
    "searchQuery" : "nota",
    "searchInteractionURIs" : [
    ]
  },
  {
    "platform" : "",
    "searchTime" : "2024-12-11T09:23:14.481Z[UTC]",
    "searchQuery" : "nota ",
    "searchInteractionURIs" : [
    ]
  },
  {
    "platform" : "",
    "searchTime" : "2024-12-11T09:23:14.520Z[UTC]",
    "searchQuery" : "nota",
    "searchInteractionURIs" : [
    ]
  },
  {
    "platform" : "",
    "searchTime" : "2024-12-11T09:23:14.569Z[UTC]",
    "searchQuery" : "nota ",
    "searchInteractionURIs" : [
    ]
  },
  {
    "platform" : "",
    "searchTime" : "2024-12-11T09:23:14.984Z[UTC]",
    "searchQuery" : "nota be",
    "searchInteractionURIs" : [
    ]
  },
  {
    "platform" : "",
    "searchTime" : "2024-12-11T09:23:15.040Z[UTC]",
    "searchQuery" : "nota be",
    "searchInteractionURIs" : [
    ]
  },
  {
    "platform" : "",
    "searchTime" : "2024-12-11T09:23:15.164Z[UTC]",
    "searchQuery" : "nota bene",
    "searchInteractionURIs" : [
    ]
  },
  {
    "platform" : "",
    "searchTime" : "2024-12-11T09:23:15.197Z[UTC]",
    "searchQuery" : "nota bene",
    "searchInteractionURIs" : [
    ]
  },
  {
    "platform" : "ANDROID_ARM",
    "searchTime" : "2024-12-11T09:23:15.236Z[UTC]",
    "searchQuery" : "nota ben",
    "searchInteractionURIs" : [
    ]
  },
  {
    "platform" : "ANDROID",
    "searchTime" : "2024-12-11T09:23:17.116Z[UTC]",
    "searchQuery" : "nota bene ",
    "searchInteractionURIs" : [
      "spotify:show:1bKU1X5ESCZzbiS0S7Zi9a"
    ]
  },
  {
    "platform" : "ANDROID",
    "searchTime" : "2024-12-11T18:53:49.382Z[UTC]",
    "searchQuery" : "bruit blanc",
    "searchInteractionURIs" : [
      "spotify:search:bruit+blanc+pour+dormir+b%C3%A9b%C3%A9"
    ]
  },
  {
    "platform" : "ANDROID",
    "searchTime" : "2024-12-11T18:53:51.227Z[UTC]",
    "searchQuery" : "bruit blanc pour dormir bébé",
    "searchInteractionURIs" : [
      "spotify:playlist:37i9dQZF1DWUZ5bk6qqDSy"
    ]
  },
  {
    "platform" : "",
    "searchTime" : "2024-12-28T11:45:34.932Z[UTC]",
    "searchQuery" : "so",
    "searchInteractionURIs" : [
    ]
  },
  {
    "platform" : "",
    "searchTime" : "2024-12-28T11:45:35.010Z[UTC]",
    "searchQuery" : "so",
    "searchInteractionURIs" : [
    ]
  },
  {
    "platform" : "",
    "searchTime" : "2024-12-28T11:45:36.922Z[UTC]",
    "searchQuery" : "song for de",
    "searchInteractionURIs" : [
    ]
  },
  {
    "platform" : "",
    "searchTime" : "2024-12-28T11:45:37.003Z[UTC]",
    "searchQuery" : "song for de",
    "searchInteractionURIs" : [
    ]
  },
  {
    "platform" : "ANDROID",
    "searchTime" : "2024-12-28T11:45:37.918Z[UTC]",
    "searchQuery" : "song for denise",
    "searchInteractionURIs" : [
      "spotify:track:69Z9CGFvblV0qTb6wMoCpP",
      "spotify:track:69Z9CGFvblV0qTb6wMoCpP"
    ]
  },
  {
    "platform" : "",
    "searchTime" : "2024-12-30T19:42:59.369Z[UTC]",
    "searchQuery" : "l",
    "searchInteractionURIs" : [
    ]
  },
  {
    "platform" : "",
    "searchTime" : "2024-12-30T19:42:59.422Z[UTC]",
    "searchQuery" : "l",
    "searchInteractionURIs" : [
    ]
  },
  {
    "platform" : "",
    "searchTime" : "2024-12-30T19:42:59.592Z[UTC]",
    "searchQuery" : "lu",
    "searchInteractionURIs" : [
    ]
  },
  {
    "platform" : "",
    "searchTime" : "2024-12-30T19:42:59.657Z[UTC]",
    "searchQuery" : "lu",
    "searchInteractionURIs" : [
    ]
  },
  {
    "platform" : "",
    "searchTime" : "2024-12-30T19:43:00.047Z[UTC]",
    "searchQuery" : "luc",
    "searchInteractionURIs" : [
    ]
  },
  {
    "platform" : "",
    "searchTime" : "2024-12-30T19:43:00.134Z[UTC]",
    "searchQuery" : "luc",
    "searchInteractionURIs" : [
    ]
  },
  {
    "platform" : "",
    "searchTime" : "2024-12-30T19:43:00.134Z[UTC]",
    "searchQuery" : "luck",
    "searchInteractionURIs" : [
    ]
  },
  {
    "platform" : "",
    "searchTime" : "2024-12-30T19:43:00.189Z[UTC]",
    "searchQuery" : "luck",
    "searchInteractionURIs" : [
    ]
  },
  {
    "platform" : "",
    "searchTime" : "2024-12-30T19:43:00.845Z[UTC]",
    "searchQuery" : "lucky",
    "searchInteractionURIs" : [
    ]
  },
  {
    "platform" : "",
    "searchTime" : "2024-12-30T19:43:00.905Z[UTC]",
    "searchQuery" : "lucky",
    "searchInteractionURIs" : [
    ]
  },
  {
    "platform" : "",
    "searchTime" : "2024-12-30T19:43:01.195Z[UTC]",
    "searchQuery" : "lucky ",
    "searchInteractionURIs" : [
    ]
  },
  {
    "platform" : "",
    "searchTime" : "2024-12-30T19:43:01.250Z[UTC]",
    "searchQuery" : "lucky ",
    "searchInteractionURIs" : [
    ]
  },
  {
    "platform" : "",
    "searchTime" : "2024-12-30T19:43:01.716Z[UTC]",
    "searchQuery" : "lucky t",
    "searchInteractionURIs" : [
    ]
  },
  {
    "platform" : "",
    "searchTime" : "2024-12-30T19:43:01.771Z[UTC]",
    "searchQuery" : "lucky t",
    "searchInteractionURIs" : [
    ]
  },
  {
    "platform" : "",
    "searchTime" : "2024-12-30T19:43:02.029Z[UTC]",
    "searchQuery" : "lucky tw",
    "searchInteractionURIs" : [
    ]
  },
  {
    "platform" : "",
    "searchTime" : "2024-12-30T19:43:02.091Z[UTC]",
    "searchQuery" : "lucky tw",
    "searchInteractionURIs" : [
    ]
  },
  {
    "platform" : "ANDROID_ARM",
    "searchTime" : "2024-12-30T19:43:02.483Z[UTC]",
    "searchQuery" : "lucky twi",
    "searchInteractionURIs" : [
    ]
  },
  {
    "platform" : "",
    "searchTime" : "2024-12-30T19:43:02.522Z[UTC]",
    "searchQuery" : "lucky twic",
    "searchInteractionURIs" : [
    ]
  },
  {
    "platform" : "",
    "searchTime" : "2024-12-30T19:43:02.555Z[UTC]",
    "searchQuery" : "lucky twic",
    "searchInteractionURIs" : [
    ]
  },
  {
    "platform" : "",
    "searchTime" : "2024-12-30T19:43:02.727Z[UTC]",
    "searchQuery" : "lucky twice",
    "searchInteractionURIs" : [
    ]
  },
  {
    "platform" : "",
    "searchTime" : "2024-12-30T19:43:02.761Z[UTC]",
    "searchQuery" : "lucky twice",
    "searchInteractionURIs" : [
    ]
  },
  {
    "platform" : "",
    "searchTime" : "2024-12-30T19:43:02.811Z[UTC]",
    "searchQuery" : "lucky twice ",
    "searchInteractionURIs" : [
    ]
  },
  {
    "platform" : "",
    "searchTime" : "2024-12-30T19:43:02.843Z[UTC]",
    "searchQuery" : "lucky twice ",
    "searchInteractionURIs" : [
    ]
  },
  {
    "platform" : "",
    "searchTime" : "2024-12-31T13:59:31.640Z[UTC]",
    "searchQuery" : "jho",
    "searchInteractionURIs" : [
    ]
  },
  {
    "platform" : "",
    "searchTime" : "2024-12-31T13:59:31.700Z[UTC]",
    "searchQuery" : "jho",
    "searchInteractionURIs" : [
    ]
  },
  {
    "platform" : "ANDROID",
    "searchTime" : "2024-12-31T13:59:33.518Z[UTC]",
    "searchQuery" : "jhonn̈",
    "searchInteractionURIs" : [
      "spotify:search:jhonny+halliday"
    ]
  },
  {
    "platform" : "ANDROID",
    "searchTime" : "2024-12-31T13:59:36.092Z[UTC]",
    "searchQuery" : "jhonny halliday",
    "searchInteractionURIs" : [
      "spotify:track:57zabaqzfjZVhxJeb0UZsP",
      "spotify:track:3cqLrAhTy0JYcYmGe6Dvje",
      "spotify:track:5pRHzPIPSujTxxZ7jT45ME",
      "spotify:track:3k6DzFWmMKI7hKyHMI3l4S",
      "spotify:track:5Ti7ocP3fdlsYo47rCk80P",
      "spotify:track:5bYW3yEWZpLpC0XXOgVMI1"
    ]
  },
  {
    "platform" : "ANDROID",
    "searchTime" : "2024-12-31T13:59:50.680Z[UTC]",
    "searchQuery" : "jhonny halliday",
    "searchInteractionURIs" : [
      "spotify:track:0v08PAQre7a9IrVp5Gal8N"
    ]
  },
  {
    "platform" : "ANDROID",
    "searchTime" : "2024-12-31T14:02:39.172Z[UTC]",
    "searchQuery" : "usher",
    "searchInteractionURIs" : [
      "spotify:artist:23zg3TcAtWQy7J6upgbUnj"
    ]
  },
  {
    "platform" : "",
    "searchTime" : "2024-12-31T14:03:28.905Z[UTC]",
    "searchQuery" : "a",
    "searchInteractionURIs" : [
    ]
  },
  {
    "platform" : "",
    "searchTime" : "2024-12-31T14:03:29.056Z[UTC]",
    "searchQuery" : "a",
    "searchInteractionURIs" : [
    ]
  },
  {
    "platform" : "",
    "searchTime" : "2024-12-31T14:03:29.621Z[UTC]",
    "searchQuery" : "akon",
    "searchInteractionURIs" : [
    ]
  },
  {
    "platform" : "",
    "searchTime" : "2024-12-31T14:03:29.677Z[UTC]",
    "searchQuery" : "akon",
    "searchInteractionURIs" : [
    ]
  },
  {
    "platform" : "ANDROID",
    "searchTime" : "2024-12-31T14:03:30.866Z[UTC]",
    "searchQuery" : "akon",
    "searchInteractionURIs" : [
      "spotify:track:0YUrjFy4qFKOO5NhM9tYdV",
      "spotify:track:0YUrjFy4qFKOO5NhM9tYdV",
      "spotify:album:6X7HEjHrNHimc0buMQpNya",
      "spotify:track:2kQuhkFX7uSVepCD3h29g5",
      "spotify:track:2kQuhkFX7uSVepCD3h29g5",
      "spotify:track:4v7DCN09hgXkKazefkznDQ",
      "spotify:track:5Ravsw8TmHN5wBiYPPYUFw",
      "spotify:track:7I6DceMT3utDOHjcYCbrr4",
      "spotify:track:7I6DceMT3utDOHjcYCbrr4",
      "spotify:track:1bqZ94bPrrHyIpYux7rVj7"
    ]
  },
  {
    "platform" : "",
    "searchTime" : "2024-12-31T14:07:48.522Z[UTC]",
    "searchQuery" : "\"a\"",
    "searchInteractionURIs" : [
    ]
  },
  {
    "platform" : "",
    "searchTime" : "2024-12-31T14:07:48.939Z[UTC]",
    "searchQuery" : "\"abba\"",
    "searchInteractionURIs" : [
    ]
  },
  {
    "platform" : "",
    "searchTime" : "2024-12-31T14:07:52.200Z[UTC]",
    "searchQuery" : "\"abba \"",
    "searchInteractionURIs" : [
    ]
  },
  {
    "platform" : "",
    "searchTime" : "2024-12-31T14:07:54.786Z[UTC]",
    "searchQuery" : "\"abba h\"",
    "searchInteractionURIs" : [
    ]
  },
  {
    "platform" : "",
    "searchTime" : "2024-12-31T14:07:55.287Z[UTC]",
    "searchQuery" : "\"abba hap\"",
    "searchInteractionURIs" : [
    ]
  },
  {
    "platform" : "",
    "searchTime" : "2024-12-31T14:07:55.769Z[UTC]",
    "searchQuery" : "\"abba happ\"",
    "searchInteractionURIs" : [
    ]
  },
  {
    "platform" : "",
    "searchTime" : "2024-12-31T14:07:56.286Z[UTC]",
    "searchQuery" : "\"abba happy\"",
    "searchInteractionURIs" : [
    ]
  },
  {
    "platform" : "",
    "searchTime" : "2024-12-31T15:07:38.024Z[UTC]",
    "searchQuery" : "supernatu",
    "searchInteractionURIs" : [
    ]
  },
  {
    "platform" : "",
    "searchTime" : "2024-12-31T15:07:38.073Z[UTC]",
    "searchQuery" : "supernatu",
    "searchInteractionURIs" : [
    ]
  },
  {
    "platform" : "ANDROID",
    "searchTime" : "2024-12-31T15:07:38.688Z[UTC]",
    "searchQuery" : "supernature",
    "searchInteractionURIs" : [
      "spotify:track:00RHrZB3i6B6PwX30ouZBK"
    ]
  },
  {
    "platform" : "",
    "searchTime" : "2024-12-31T23:44:49.372Z[UTC]",
    "searchQuery" : "les",
    "searchInteractionURIs" : [
    ]
  },
  {
    "platform" : "",
    "searchTime" : "2024-12-31T23:44:49.422Z[UTC]",
    "searchQuery" : "les",
    "searchInteractionURIs" : [
    ]
  },
  {
    "platform" : "ANDROID",
    "searchTime" : "2024-12-31T23:44:52.019Z[UTC]",
    "searchQuery" : "les demons ",
    "searchInteractionURIs" : [
      "spotify:search:les+d%C3%A9mons+de+minuit"
    ]
  },
  {
    "platform" : "ANDROID",
    "searchTime" : "2024-12-31T23:44:53.760Z[UTC]",
    "searchQuery" : "les démons de minuit",
    "searchInteractionURIs" : [
      "spotify:track:5WN9rvrv8Sxt9WzNaGXa31"
    ]
  },
  {
    "platform" : "ANDROID",
    "searchTime" : "2024-12-31T23:51:25.036Z[UTC]",
    "searchQuery" : "les divas",
    "searchInteractionURIs" : [
      "spotify:search:les+divas+du+dancing"
    ]
  },
  {
    "platform" : "ANDROID",
    "searchTime" : "2024-12-31T23:51:26.308Z[UTC]",
    "searchQuery" : "les divas du dancing",
    "searchInteractionURIs" : [
      "spotify:track:5oKu1Ey6XNDXv5B3LG7kn9"
    ]
  },
  {
    "platform" : "ANDROID",
    "searchTime" : "2025-01-01T00:04:05.362Z[UTC]",
    "searchQuery" : "le dilemm",
    "searchInteractionURIs" : [
      "spotify:search:le+dilemme+les+dix+commandements"
    ]
  },
  {
    "platform" : "ANDROID",
    "searchTime" : "2025-01-01T00:04:07.301Z[UTC]",
    "searchQuery" : "le dilemme les dix commandements",
    "searchInteractionURIs" : [
      "spotify:track:3y2yCk5EKmi8SvWa1DQwr0"
    ]
  },
  {
    "platform" : "",
    "searchTime" : "2025-01-01T00:12:08.264Z[UTC]",
    "searchQuery" : "roi solei",
    "searchInteractionURIs" : [
    ]
  },
  {
    "platform" : "",
    "searchTime" : "2025-01-01T00:12:08.315Z[UTC]",
    "searchQuery" : "roi solei",
    "searchInteractionURIs" : [
    ]
  },
  {
    "platform" : "ANDROID",
    "searchTime" : "2025-01-01T00:12:08.840Z[UTC]",
    "searchQuery" : "roi soleil",
    "searchInteractionURIs" : [
    ]
  },
  {
    "platform" : "ANDROID",
    "searchTime" : "2025-01-01T00:12:27.964Z[UTC]",
    "searchQuery" : "roi solei",
    "searchInteractionURIs" : [
      "spotify:track:2QxpVhguEv67Lwlf3wwltb",
      "spotify:track:2Y55FHBCP694amFab0RHGs"
    ]
  },
  {
    "platform" : "",
    "searchTime" : "2025-01-01T00:12:55.315Z[UTC]",
    "searchQuery" : "roi sol",
    "searchInteractionURIs" : [
    ]
  },
  {
    "platform" : "",
    "searchTime" : "2025-01-01T00:12:55.353Z[UTC]",
    "searchQuery" : "roi so",
    "searchInteractionURIs" : [
    ]
  },
  {
    "platform" : "",
    "searchTime" : "2025-01-01T00:12:55.362Z[UTC]",
    "searchQuery" : "roi sol",
    "searchInteractionURIs" : [
    ]
  },
  {
    "platform" : "",
    "searchTime" : "2025-01-01T00:12:55.397Z[UTC]",
    "searchQuery" : "roi so",
    "searchInteractionURIs" : [
    ]
  },
  {
    "platform" : "",
    "searchTime" : "2025-01-01T00:12:55.544Z[UTC]",
    "searchQuery" : "roi s",
    "searchInteractionURIs" : [
    ]
  },
  {
    "platform" : "",
    "searchTime" : "2025-01-01T00:12:55.580Z[UTC]",
    "searchQuery" : "roi",
    "searchInteractionURIs" : [
    ]
  },
  {
    "platform" : "",
    "searchTime" : "2025-01-01T00:12:55.583Z[UTC]",
    "searchQuery" : "roi ",
    "searchInteractionURIs" : [
    ]
  },
  {
    "platform" : "",
    "searchTime" : "2025-01-01T00:12:55.594Z[UTC]",
    "searchQuery" : "roi s",
    "searchInteractionURIs" : [
    ]
  },
  {
    "platform" : "",
    "searchTime" : "2025-01-01T00:12:55.636Z[UTC]",
    "searchQuery" : "roi",
    "searchInteractionURIs" : [
    ]
  },
  {
    "platform" : "",
    "searchTime" : "2025-01-01T00:12:55.639Z[UTC]",
    "searchQuery" : "roi ",
    "searchInteractionURIs" : [
    ]
  },
  {
    "platform" : "",
    "searchTime" : "2025-01-01T00:12:55.648Z[UTC]",
    "searchQuery" : "ro",
    "searchInteractionURIs" : [
    ]
  },
  {
    "platform" : "",
    "searchTime" : "2025-01-01T00:12:55.684Z[UTC]",
    "searchQuery" : "r",
    "searchInteractionURIs" : [
    ]
  },
  {
    "platform" : "",
    "searchTime" : "2025-01-01T00:12:55.708Z[UTC]",
    "searchQuery" : "ro",
    "searchInteractionURIs" : [
    ]
  },
  {
    "platform" : "",
    "searchTime" : "2025-01-01T00:12:55.742Z[UTC]",
    "searchQuery" : "r",
    "searchInteractionURIs" : [
    ]
  },
  {
    "platform" : "ANDROID",
    "searchTime" : "2025-01-01T00:12:59.840Z[UTC]",
    "searchQuery" : "gilbert",
    "searchInteractionURIs" : [
      "spotify:search:gilbert+montagn%C3%A9"
    ]
  },
  {
    "platform" : "ANDROID",
    "searchTime" : "2025-01-01T00:13:00.876Z[UTC]",
    "searchQuery" : "gilbert montagné",
    "searchInteractionURIs" : [
      "spotify:track:7MFWYTlrC81IGpb0Jwgdu7",
      "spotify:track:616O2jmafiModH0RgonGqf",
      "spotify:track:4iVnfuAmwJNAGsiHz8Po6Y"
    ]
  },
  {
    "platform" : "",
    "searchTime" : "2025-01-01T00:14:47.843Z[UTC]",
    "searchQuery" : "gilbert monta",
    "searchInteractionURIs" : [
    ]
  },
  {
    "platform" : "",
    "searchTime" : "2025-01-01T00:14:47.911Z[UTC]",
    "searchQuery" : "gilbert monta",
    "searchInteractionURIs" : [
    ]
  },
  {
    "platform" : "",
    "searchTime" : "2025-01-01T00:14:47.940Z[UTC]",
    "searchQuery" : "gilbert mont",
    "searchInteractionURIs" : [
    ]
  },
  {
    "platform" : "",
    "searchTime" : "2025-01-01T00:14:47.947Z[UTC]",
    "searchQuery" : "gilbert mo",
    "searchInteractionURIs" : [
    ]
  },
  {
    "platform" : "",
    "searchTime" : "2025-01-01T00:14:47.957Z[UTC]",
    "searchQuery" : "gilbert mon",
    "searchInteractionURIs" : [
    ]
  },
  {
    "platform" : "",
    "searchTime" : "2025-01-01T00:14:47.971Z[UTC]",
    "searchQuery" : "gilbert m",
    "searchInteractionURIs" : [
    ]
  },
  {
    "platform" : "",
    "searchTime" : "2025-01-01T00:14:47.985Z[UTC]",
    "searchQuery" : "gilbert mont",
    "searchInteractionURIs" : [
    ]
  },
  {
    "platform" : "",
    "searchTime" : "2025-01-01T00:14:48.009Z[UTC]",
    "searchQuery" : "gilbert mon",
    "searchInteractionURIs" : [
    ]
  },
  {
    "platform" : "",
    "searchTime" : "2025-01-01T00:14:48.022Z[UTC]",
    "searchQuery" : "gilbert mo",
    "searchInteractionURIs" : [
    ]
  },
  {
    "platform" : "",
    "searchTime" : "2025-01-01T00:14:48.026Z[UTC]",
    "searchQuery" : "gilbert m",
    "searchInteractionURIs" : [
    ]
  },
  {
    "platform" : "",
    "searchTime" : "2025-01-01T00:14:48.046Z[UTC]",
    "searchQuery" : "gilbert ",
    "searchInteractionURIs" : [
    ]
  },
  {
    "platform" : "",
    "searchTime" : "2025-01-01T00:14:48.101Z[UTC]",
    "searchQuery" : "gilbert ",
    "searchInteractionURIs" : [
    ]
  },
  {
    "platform" : "",
    "searchTime" : "2025-01-01T00:14:48.222Z[UTC]",
    "searchQuery" : "gilbert",
    "searchInteractionURIs" : [
    ]
  },
  {
    "platform" : "",
    "searchTime" : "2025-01-01T00:14:48.259Z[UTC]",
    "searchQuery" : "gilber",
    "searchInteractionURIs" : [
    ]
  },
  {
    "platform" : "",
    "searchTime" : "2025-01-01T00:14:48.269Z[UTC]",
    "searchQuery" : "gilbert",
    "searchInteractionURIs" : [
    ]
  },
  {
    "platform" : "",
    "searchTime" : "2025-01-01T00:14:48.321Z[UTC]",
    "searchQuery" : "gilber",
    "searchInteractionURIs" : [
    ]
  },
  {
    "platform" : "ANDROID",
    "searchTime" : "2025-01-01T00:14:54.550Z[UTC]",
    "searchQuery" : "veronne",
    "searchInteractionURIs" : [
      "spotify:search:v%C3%A9rone"
    ]
  },
  {
    "platform" : "ANDROID",
    "searchTime" : "2025-01-01T00:14:57.075Z[UTC]",
    "searchQuery" : "vérone",
    "searchInteractionURIs" : [
      "spotify:track:3q8nnXX0R2qeae0poz50A7"
    ]
  },
  {
    "platform" : "",
    "searchTime" : "2025-01-01T00:23:52.433Z[UTC]",
    "searchQuery" : "vé",
    "searchInteractionURIs" : [
    ]
  },
  {
    "platform" : "",
    "searchTime" : "2025-01-01T00:23:52.504Z[UTC]",
    "searchQuery" : "vé",
    "searchInteractionURIs" : [
    ]
  },
  {
    "platform" : "",
    "searchTime" : "2025-01-01T00:23:52.625Z[UTC]",
    "searchQuery" : "v",
    "searchInteractionURIs" : [
    ]
  },
  {
    "platform" : "",
    "searchTime" : "2025-01-01T00:23:52.704Z[UTC]",
    "searchQuery" : "v",
    "searchInteractionURIs" : [
    ]
  },
  {
    "platform" : "",
    "searchTime" : "2025-01-01T00:23:56.143Z[UTC]",
    "searchQuery" : "karus",
    "searchInteractionURIs" : [
    ]
  },
  {
    "platform" : "",
    "searchTime" : "2025-01-01T00:23:56.214Z[UTC]",
    "searchQuery" : "karus",
    "searchInteractionURIs" : [
    ]
  },
  {
    "platform" : "ANDROID",
    "searchTime" : "2025-01-01T00:23:57.078Z[UTC]",
    "searchQuery" : "karusso",
    "searchInteractionURIs" : [
      "spotify:search:larusso"
    ]
  },
  {
    "platform" : "ANDROID",
    "searchTime" : "2025-01-01T00:23:59.093Z[UTC]",
    "searchQuery" : "larusso",
    "searchInteractionURIs" : [
      "spotify:track:616O2jmafiModH0RgonGqf"
    ]
  },
  {
    "platform" : "",
    "searchTime" : "2025-01-01T00:24:11.860Z[UTC]",
    "searchQuery" : "larus",
    "searchInteractionURIs" : [
    ]
  },
  {
    "platform" : "",
    "searchTime" : "2025-01-01T00:24:11.894Z[UTC]",
    "searchQuery" : "larus",
    "searchInteractionURIs" : [
    ]
  },
  {
    "platform" : "",
    "searchTime" : "2025-01-01T00:24:11.896Z[UTC]",
    "searchQuery" : "laru",
    "searchInteractionURIs" : [
    ]
  },
  {
    "platform" : "",
    "searchTime" : "2025-01-01T00:24:11.901Z[UTC]",
    "searchQuery" : "lar",
    "searchInteractionURIs" : [
    ]
  },
  {
    "platform" : "",
    "searchTime" : "2025-01-01T00:24:11.912Z[UTC]",
    "searchQuery" : "l",
    "searchInteractionURIs" : [
    ]
  },
  {
    "platform" : "",
    "searchTime" : "2025-01-01T00:24:11.928Z[UTC]",
    "searchQuery" : "la",
    "searchInteractionURIs" : [
    ]
  },
  {
    "platform" : "",
    "searchTime" : "2025-01-01T00:24:11.936Z[UTC]",
    "searchQuery" : "laru",
    "searchInteractionURIs" : [
    ]
  },
  {
    "platform" : "",
    "searchTime" : "2025-01-01T00:24:11.947Z[UTC]",
    "searchQuery" : "lar",
    "searchInteractionURIs" : [
    ]
  },
  {
    "platform" : "",
    "searchTime" : "2025-01-01T00:24:11.981Z[UTC]",
    "searchQuery" : "l",
    "searchInteractionURIs" : [
    ]
  },
  {
    "platform" : "",
    "searchTime" : "2025-01-01T00:24:11.986Z[UTC]",
    "searchQuery" : "la",
    "searchInteractionURIs" : [
    ]
  },
  {
    "platform" : "ANDROID",
    "searchTime" : "2025-01-01T00:24:23.313Z[UTC]",
    "searchQuery" : "lolita",
    "searchInteractionURIs" : [
      "spotify:search:moi...+lolita"
    ]
  },
  {
    "platform" : "ANDROID",
    "searchTime" : "2025-01-01T00:24:25.364Z[UTC]",
    "searchQuery" : "moi... lolita",
    "searchInteractionURIs" : [
      "spotify:track:6e0LjNPkRqxIAlmmdjWSV8"
    ]
  },
  {
    "platform" : "ANDROID",
    "searchTime" : "2025-01-01T00:39:46.276Z[UTC]",
    "searchQuery" : "spi ce",
    "searchInteractionURIs" : [
      "spotify:search:spice+girls"
    ]
  },
  {
    "platform" : "ANDROID",
    "searchTime" : "2025-01-01T00:39:48.811Z[UTC]",
    "searchQuery" : "spice girls",
    "searchInteractionURIs" : [
      "spotify:artist:0uq5PttqEjj3IH1bzwcrXF",
      "",
      "spotify:track:6I9VzXrHxO9rA9A5euc8Ak"
    ]
  },
  {
    "platform" : "ANDROID",
    "searchTime" : "2025-01-01T01:19:48.849Z[UTC]",
    "searchQuery" : "ma belle",
    "searchInteractionURIs" : [
      "spotify:search:ma+belle+andalouse"
    ]
  },
  {
    "platform" : "ANDROID",
    "searchTime" : "2025-01-01T01:19:51.065Z[UTC]",
    "searchQuery" : "ma belle andalouse",
    "searchInteractionURIs" : [
      "spotify:track:0fqlz0L5w16uQrELsFxTp0"
    ]
  },
  {
    "platform" : "ANDROID",
    "searchTime" : "2025-01-01T02:16:46.670Z[UTC]",
    "searchQuery" : "maitre gims",
    "searchInteractionURIs" : [
      "spotify:search:maitre+gims"
    ]
  },
  {
    "platform" : "ANDROID",
    "searchTime" : "2025-01-01T02:16:48.599Z[UTC]",
    "searchQuery" : "maitre gims",
    "searchInteractionURIs" : [
      "spotify:track:0CJ31BEjjl1tPIj0CKi9kH"
    ]
  },
  {
    "platform" : "ANDROID",
    "searchTime" : "2025-01-01T02:23:20.973Z[UTC]",
    "searchQuery" : "l argent ",
    "searchInteractionURIs" : [
      "spotify:track:1GS8gd1gINmQ04FX4WYxzj"
    ]
  },
  {
    "platform" : "",
    "searchTime" : "2025-01-01T02:38:50.146Z[UTC]",
    "searchQuery" : "alir",
    "searchInteractionURIs" : [
    ]
  },
  {
    "platform" : "",
    "searchTime" : "2025-01-01T02:38:50.191Z[UTC]",
    "searchQuery" : "alir",
    "searchInteractionURIs" : [
    ]
  },
  {
    "platform" : "ANDROID",
    "searchTime" : "2025-01-01T02:38:51.391Z[UTC]",
    "searchQuery" : "alize",
    "searchInteractionURIs" : [
      "spotify:search:aliz%C3%A9e+gourmandises"
    ]
  },
  {
    "platform" : "ANDROID",
    "searchTime" : "2025-01-01T02:38:52.536Z[UTC]",
    "searchQuery" : "alizée gourmandises",
    "searchInteractionURIs" : [
      "spotify:episode:1VA3BfZY6tAkNuRnJpSbWn",
      "spotify:track:6e0LjNPkRqxIAlmmdjWSV8"
    ]
  },
  {
    "platform" : "ANDROID",
    "searchTime" : "2025-01-01T02:41:56.622Z[UTC]",
    "searchQuery" : "alizee",
    "searchInteractionURIs" : [
      "spotify:search:aliz%C3%A9e"
    ]
  },
  {
    "platform" : "ANDROID",
    "searchTime" : "2025-01-01T02:41:58.398Z[UTC]",
    "searchQuery" : "alizée",
    "searchInteractionURIs" : [
      "spotify:track:2yMjd1tNsDO58lYI0HPbVE"
    ]
  },
  {
    "platform" : "",
    "searchTime" : "2025-01-01T02:45:52.949Z[UTC]",
    "searchQuery" : "est ce que  tu m a",
    "searchInteractionURIs" : [
    ]
  },
  {
    "platform" : "",
    "searchTime" : "2025-01-01T02:45:52.987Z[UTC]",
    "searchQuery" : "est ce que  tu m a",
    "searchInteractionURIs" : [
    ]
  },
  {
    "platform" : "",
    "searchTime" : "2025-01-01T02:45:53.002Z[UTC]",
    "searchQuery" : "est-ce que tu m'a",
    "searchInteractionURIs" : [
    ]
  },
  {
    "platform" : "ANDROID",
    "searchTime" : "2025-01-01T02:45:54.383Z[UTC]",
    "searchQuery" : "est ce que  tu m aimes",
    "searchInteractionURIs" : [
      "spotify:track:3a9TMd2Yrza6HXqqlfMtfy"
    ]
  },
  {
    "platform" : "ANDROID",
    "searchTime" : "2025-01-01T02:52:35.150Z[UTC]",
    "searchQuery" : "bill",
    "searchInteractionURIs" : [
      "spotify:episode:40DZ0TuFyWU8WadbghkQ1U"
    ]
  },
  {
    "platform" : "",
    "searchTime" : "2025-01-01T02:52:35.365Z[UTC]",
    "searchQuery" : "billy",
    "searchInteractionURIs" : [
    ]
  },
  {
    "platform" : "",
    "searchTime" : "2025-01-01T02:52:35.402Z[UTC]",
    "searchQuery" : "billy",
    "searchInteractionURIs" : [
    ]
  },
  {
    "platform" : "ANDROID",
    "searchTime" : "2025-01-01T02:52:51.244Z[UTC]",
    "searchQuery" : "billy cra",
    "searchInteractionURIs" : [
      "spotify:track:4iVpylB55RQJYl6QxqdBbt",
      "spotify:track:4iVnfuAmwJNAGsiHz8Po6Y",
      "spotify:track:2yMjd1tNsDO58lYI0HPbVE",
      "spotify:track:2yMjd1tNsDO58lYI0HPbVE",
      "spotify:track:2yMjd1tNsDO58lYI0HPbVE",
      "spotify:track:1DtVWIZqHqf1a0GXCnuMpA"
    ]
  },
  {
    "platform" : "ANDROID",
    "searchTime" : "2025-01-01T02:57:16.869Z[UTC]",
    "searchQuery" : "billy c",
    "searchInteractionURIs" : [
      "spotify:artist:43CiK1548VVp2DT95joswS"
    ]
  },
  {
    "platform" : "ANDROID",
    "searchTime" : "2025-01-01T03:07:25.423Z[UTC]",
    "searchQuery" : "polo",
    "searchInteractionURIs" : [
      "spotify:search:polo+pan"
    ]
  },
  {
    "platform" : "ANDROID",
    "searchTime" : "2025-01-01T03:07:27.798Z[UTC]",
    "searchQuery" : "polo pan",
    "searchInteractionURIs" : [
      "spotify:track:12QphPukpWDR9w1iimddfP"
    ]
  },
  {
    "platform" : "ANDROID",
    "searchTime" : "2025-01-01T03:09:00.307Z[UTC]",
    "searchQuery" : "villlage",
    "searchInteractionURIs" : [
      "spotify:artist:1020a42xVklY6c56imNcaa",
      "spotify:artist:1AsruX0vcpmL1O82dfWZBD",
      "spotify:track:5lWSa1rmuSL6OBPOnkAqoa"
    ]
  },
  {
    "platform" : "ANDROID",
    "searchTime" : "2025-01-09T10:49:55.262Z[UTC]",
    "searchQuery" : "boob",
    "searchInteractionURIs" : [
      "spotify:search:booba"
    ]
  },
  {
    "platform" : "ANDROID",
    "searchTime" : "2025-01-09T10:49:57.381Z[UTC]",
    "searchQuery" : "booba",
    "searchInteractionURIs" : [
      "spotify:track:2lIBT5vhgGXKMUoCFeFJvZ",
      "spotify:track:1efBNlkIwBbccMBXHoJBZN",
      ""
    ]
  },
  {
    "platform" : "",
    "searchTime" : "2025-01-09T16:36:34.687Z[UTC]",
    "searchQuery" : "asm",
    "searchInteractionURIs" : [
    ]
  },
  {
    "platform" : "",
    "searchTime" : "2025-01-09T16:36:34.745Z[UTC]",
    "searchQuery" : "asm",
    "searchInteractionURIs" : [
    ]
  },
  {
    "platform" : "",
    "searchTime" : "2025-01-09T16:36:34.952Z[UTC]",
    "searchQuery" : "asmr",
    "searchInteractionURIs" : [
    ]
  },
  {
    "platform" : "",
    "searchTime" : "2025-01-09T16:36:35.002Z[UTC]",
    "searchQuery" : "asmr",
    "searchInteractionURIs" : [
    ]
  },
  {
    "platform" : "ANDROID",
    "searchTime" : "2025-01-09T16:36:36.111Z[UTC]",
    "searchQuery" : "asmr",
    "searchInteractionURIs" : [
      "spotify:playlist:2p49ywtrJ7cWrf9X6oc3L8"
    ]
  },
  {
    "platform" : "ANDROID",
    "searchTime" : "2025-01-09T16:37:31.574Z[UTC]",
    "searchQuery" : "asmr",
    "searchInteractionURIs" : [
      "spotify:search:asmr"
    ]
  },
  {
    "platform" : "ANDROID",
    "searchTime" : "2025-01-09T16:37:34.054Z[UTC]",
    "searchQuery" : "asmr",
    "searchInteractionURIs" : [
      "spotify:playlist:4gw8AFC4mXxapTjzoiSnWC"
    ]
  },
  {
    "platform" : "ANDROID_ARM",
    "searchTime" : "2025-01-25T13:35:26.143Z[UTC]",
    "searchQuery" : "hi",
    "searchInteractionURIs" : [
    ]
  },
  {
    "platform" : "ANDROID",
    "searchTime" : "2025-01-25T13:35:41.920Z[UTC]",
    "searchQuery" : "high et fines herbes",
    "searchInteractionURIs" : [
      "spotify:playlist:0iVehxFUOnRn7fMxdTE2h2"
    ]
  },
  {
    "platform" : "",
    "searchTime" : "2025-01-25T13:36:30.291Z[UTC]",
    "searchQuery" : "high et fines herbes le roi henook",
    "searchInteractionURIs" : [
    ]
  },
  {
    "platform" : "",
    "searchTime" : "2025-01-27T10:44:59.230Z[UTC]",
    "searchQuery" : "r",
    "searchInteractionURIs" : [
    ]
  },
  {
    "platform" : "",
    "searchTime" : "2025-01-27T10:44:59.287Z[UTC]",
    "searchQuery" : "r",
    "searchInteractionURIs" : [
    ]
  },
  {
    "platform" : "",
    "searchTime" : "2025-01-27T10:45:00.085Z[UTC]",
    "searchQuery" : "te",
    "searchInteractionURIs" : [
    ]
  },
  {
    "platform" : "",
    "searchTime" : "2025-01-27T10:45:00.145Z[UTC]",
    "searchQuery" : "te",
    "searchInteractionURIs" : [
    ]
  },
  {
    "platform" : "",
    "searchTime" : "2025-01-27T10:45:00.480Z[UTC]",
    "searchQuery" : "tec",
    "searchInteractionURIs" : [
    ]
  },
  {
    "platform" : "",
    "searchTime" : "2025-01-27T10:45:00.540Z[UTC]",
    "searchQuery" : "tec",
    "searchInteractionURIs" : [
    ]
  },
  {
    "platform" : "ANDROID",
    "searchTime" : "2025-01-27T10:45:10.059Z[UTC]",
    "searchQuery" : "tech po",
    "searchInteractionURIs" : [
      "spotify:search:tech+podcast"
    ]
  },
  {
    "platform" : "ANDROID",
    "searchTime" : "2025-01-27T10:45:14.063Z[UTC]",
    "searchQuery" : "tech podcast",
    "searchInteractionURIs" : [
      "spotify:show:390w6Ac9c2pLxCPyIjRWb4"
    ]
  },
  {
    "platform" : "",
    "searchTime" : "2025-01-28T10:28:22.915Z[UTC]",
    "searchQuery" : "drum a",
    "searchInteractionURIs" : [
    ]
  },
  {
    "platform" : "",
    "searchTime" : "2025-01-28T10:28:22.970Z[UTC]",
    "searchQuery" : "drum a",
    "searchInteractionURIs" : [
    ]
  },
  {
    "platform" : "",
    "searchTime" : "2025-01-28T10:28:23.507Z[UTC]",
    "searchQuery" : "drum and b",
    "searchInteractionURIs" : [
    ]
  },
  {
    "platform" : "",
    "searchTime" : "2025-01-28T10:28:23.568Z[UTC]",
    "searchQuery" : "drum and b",
    "searchInteractionURIs" : [
    ]
  },
  {
    "platform" : "ANDROID",
    "searchTime" : "2025-01-28T10:28:24.528Z[UTC]",
    "searchQuery" : "drum and bass",
    "searchInteractionURIs" : [
      "spotify:search:drum+and+bass"
    ]
  },
  {
    "platform" : "ANDROID",
    "searchTime" : "2025-01-28T10:28:25.733Z[UTC]",
    "searchQuery" : "drum and bass",
    "searchInteractionURIs" : [
      "spotify:playlist:37i9dQZF1EIherXksVvnrN"
    ]
  },
  {
    "platform" : "",
    "searchTime" : "2025-02-02T09:11:26.380Z[UTC]",
    "searchQuery" : "musi",
    "searchInteractionURIs" : [
    ]
  },
  {
    "platform" : "",
    "searchTime" : "2025-02-02T09:11:26.454Z[UTC]",
    "searchQuery" : "musi",
    "searchInteractionURIs" : [
    ]
  },
  {
    "platform" : "",
    "searchTime" : "2025-02-02T09:11:28.171Z[UTC]",
    "searchQuery" : "musique in the",
    "searchInteractionURIs" : [
    ]
  },
  {
    "platform" : "",
    "searchTime" : "2025-02-02T09:11:28.236Z[UTC]",
    "searchQuery" : "musique in the",
    "searchInteractionURIs" : [
    ]
  },
  {
    "platform" : "",
    "searchTime" : "2025-02-02T09:11:40.484Z[UTC]",
    "searchQuery" : "musiquein the air",
    "searchInteractionURIs" : [
    ]
  },
  {
    "platform" : "",
    "searchTime" : "2025-02-02T09:11:40.519Z[UTC]",
    "searchQuery" : "musiquein the air",
    "searchInteractionURIs" : [
    ]
  },
  {
    "platform" : "",
    "searchTime" : "2025-02-02T09:11:40.671Z[UTC]",
    "searchQuery" : "musiquin the air",
    "searchInteractionURIs" : [
    ]
  },
  {
    "platform" : "",
    "searchTime" : "2025-02-02T09:11:40.673Z[UTC]",
    "searchQuery" : "musiquin the air",
    "searchInteractionURIs" : [
    ]
  },
  {
    "platform" : "",
    "searchTime" : "2025-02-02T09:11:40.805Z[UTC]",
    "searchQuery" : "musiqin the air",
    "searchInteractionURIs" : [
    ]
  },
  {
    "platform" : "",
    "searchTime" : "2025-02-02T09:11:40.831Z[UTC]",
    "searchQuery" : "musiqin the air",
    "searchInteractionURIs" : [
    ]
  },
  {
    "platform" : "",
    "searchTime" : "2025-02-02T09:11:41.794Z[UTC]",
    "searchQuery" : "musicin the air",
    "searchInteractionURIs" : [
    ]
  },
  {
    "platform" : "",
    "searchTime" : "2025-02-02T09:11:41.821Z[UTC]",
    "searchQuery" : "musicin the air",
    "searchInteractionURIs" : [
    ]
  },
  {
    "platform" : "",
    "searchTime" : "2025-02-02T09:11:41.877Z[UTC]",
    "searchQuery" : "music in the air",
    "searchInteractionURIs" : [
    ]
  },
  {
    "platform" : "ANDROID",
    "searchTime" : "2025-02-02T09:11:42.495Z[UTC]",
    "searchQuery" : "music in the air",
    "searchInteractionURIs" : [
      "spotify:track:3s6ltUrI93LBKU8taezsLn"
    ]
  },
  {
    "platform" : "",
    "searchTime" : "2025-02-04T09:10:21.372Z[UTC]",
    "searchQuery" : "la",
    "searchInteractionURIs" : [
    ]
  },
  {
    "platform" : "",
    "searchTime" : "2025-02-04T09:10:21.413Z[UTC]",
    "searchQuery" : "la",
    "searchInteractionURIs" : [
    ]
  },
  {
    "platform" : "",
    "searchTime" : "2025-02-04T09:10:22.220Z[UTC]",
    "searchQuery" : "la fer",
    "searchInteractionURIs" : [
    ]
  },
  {
    "platform" : "",
    "searchTime" : "2025-02-04T09:10:22.305Z[UTC]",
    "searchQuery" : "la fer",
    "searchInteractionURIs" : [
    ]
  },
  {
    "platform" : "ANDROID",
    "searchTime" : "2025-02-04T09:10:23.089Z[UTC]",
    "searchQuery" : "la ferme ",
    "searchInteractionURIs" : [
      "spotify:show:42D5e10pyj1FLbvBRdfoEc"
    ]
  },
  {
    "platform" : "ANDROID",
    "searchTime" : "2025-02-09T00:29:10.924Z[UTC]",
    "searchQuery" : "saez",
    "searchInteractionURIs" : [
      "spotify:search:saez"
    ]
  },
  {
    "platform" : "ANDROID",
    "searchTime" : "2025-02-09T00:29:15.416Z[UTC]",
    "searchQuery" : "saez",
    "searchInteractionURIs" : [
      "spotify:album:5BguYsLEwxsqbo26XyPmtH"
    ]
  },
  {
    "platform" : "ANDROID",
    "searchTime" : "2025-02-09T00:48:23.465Z[UTC]",
    "searchQuery" : "sys",
    "searchInteractionURIs" : [
      "spotify:search:system+of+a+down"
    ]
  },
  {
    "platform" : "ANDROID",
    "searchTime" : "2025-02-09T00:48:34.233Z[UTC]",
    "searchQuery" : "system of a down",
    "searchInteractionURIs" : [
      "spotify:track:2SpGXD7EbexndFmmThrnsy"
    ]
  },
  {
    "platform" : "ANDROID",
    "searchTime" : "2025-02-09T02:06:49.430Z[UTC]",
    "searchQuery" : "gong xi gon",
    "searchInteractionURIs" : [
      "spotify:search:gong+xi+gong+xi"
    ]
  },
  {
    "platform" : "ANDROID",
    "searchTime" : "2025-02-09T02:06:50.765Z[UTC]",
    "searchQuery" : "gong xi gong xi",
    "searchInteractionURIs" : [
      "spotify:track:1vYWjBYV0ORvsTPWJU4NqO"
    ]
  },
  {
    "platform" : "ANDROID",
    "searchTime" : "2025-02-09T02:10:15.808Z[UTC]",
    "searchQuery" : "xin nia",
    "searchInteractionURIs" : [
      "spotify:search:xin+nian+hao"
    ]
  },
  {
    "platform" : "ANDROID",
    "searchTime" : "2025-02-09T02:10:17.614Z[UTC]",
    "searchQuery" : "xin nian hao",
    "searchInteractionURIs" : [
      "spotify:track:0XwRUnCr1ctRzjJ10kR6hY"
    ]
  },
  {
    "platform" : "",
    "searchTime" : "2025-02-09T02:11:56.761Z[UTC]",
    "searchQuery" : "chun ji s",
    "searchInteractionURIs" : [
    ]
  },
  {
    "platform" : "",
    "searchTime" : "2025-02-09T02:11:56.791Z[UTC]",
    "searchQuery" : "chun ji s",
    "searchInteractionURIs" : [
    ]
  },
  {
    "platform" : "ANDROID",
    "searchTime" : "2025-02-09T02:12:04.806Z[UTC]",
    "searchQuery" : "chun ji dao remix",
    "searchInteractionURIs" : [
      "spotify:album:2qfHBGnze5OiAhDDJ4VNEA",
      "spotify:playlist:2yhhDMh4QYFSfQLHGJYKev"
    ]
  },
  {
    "platform" : "",
    "searchTime" : "2025-02-09T02:21:15.334Z[UTC]",
    "searchQuery" : "amen",
    "searchInteractionURIs" : [
    ]
  },
  {
    "platform" : "",
    "searchTime" : "2025-02-09T02:21:15.385Z[UTC]",
    "searchQuery" : "amen",
    "searchInteractionURIs" : [
    ]
  },
  {
    "platform" : "ANDROID",
    "searchTime" : "2025-02-09T02:21:16.653Z[UTC]",
    "searchQuery" : "ameno",
    "searchInteractionURIs" : [
      "spotify:track:7mfvOqsvzZaUl7sfbcNk4E",
      "spotify:track:7mfvOqsvzZaUl7sfbcNk4E",
      "spotify:track:7mfvOqsvzZaUl7sfbcNk4E",
      "spotify:track:7mfvOqsvzZaUl7sfbcNk4E"
    ]
  },
  {
    "platform" : "",
    "searchTime" : "2025-02-13T09:54:11.077Z[UTC]",
    "searchQuery" : "s",
    "searchInteractionURIs" : [
    ]
  },
  {
    "platform" : "",
    "searchTime" : "2025-02-13T09:54:11.199Z[UTC]",
    "searchQuery" : "s",
    "searchInteractionURIs" : [
    ]
  },
  {
    "platform" : "",
    "searchTime" : "2025-02-13T09:54:11.329Z[UTC]",
    "searchQuery" : "spo",
    "searchInteractionURIs" : [
    ]
  },
  {
    "platform" : "",
    "searchTime" : "2025-02-13T09:54:11.391Z[UTC]",
    "searchQuery" : "spo",
    "searchInteractionURIs" : [
    ]
  },
  {
    "platform" : "ANDROID",
    "searchTime" : "2025-02-13T09:54:12.984Z[UTC]",
    "searchQuery" : "spotify",
    "searchInteractionURIs" : [
      "spotify:playlist:37i9dQZF1EIg14kyQFjAdu",
      "spotify:playlist:37i9dQZF1EIguQ8anE2T1C",
      "spotify:playlist:3pf5XNlcMcNJQV2m8gsAju",
      "spotify:playlist:37i9dQZF1F0sijgNaJdgit"
    ]
  },
  {
    "platform" : "ANDROID",
    "searchTime" : "2025-02-13T10:33:05.470Z[UTC]",
    "searchQuery" : "spotify",
    "searchInteractionURIs" : [
      "spotify:search:spotify+wrapped"
    ]
  },
  {
    "platform" : "ANDROID",
    "searchTime" : "2025-02-13T10:33:06.621Z[UTC]",
    "searchQuery" : "spotify wrapped",
    "searchInteractionURIs" : [
      "spotify:playlist:37i9dQZF1Fa1IIVtEpGUcU",
      "spotify:playlist:37i9dQZF1ELZcs9nebBaSM"
    ]
  },
  {
    "platform" : "ANDROID",
    "searchTime" : "2025-02-13T10:43:03.318Z[UTC]",
    "searchQuery" : "spotify wrapped 2019",
    "searchInteractionURIs" : [
      "spotify:playlist:37i9dQZF1Eteimq48y6RWn"
    ]
  },
  {
    "platform" : "",
    "searchTime" : "2025-02-13T10:56:06.782Z[UTC]",
    "searchQuery" : "g",
    "searchInteractionURIs" : [
    ]
  },
  {
    "platform" : "",
    "searchTime" : "2025-02-13T10:56:06.854Z[UTC]",
    "searchQuery" : "g",
    "searchInteractionURIs" : [
    ]
  },
  {
    "platform" : "ANDROID_ARM",
    "searchTime" : "2025-02-13T10:56:07.230Z[UTC]",
    "searchQuery" : "gu",
    "searchInteractionURIs" : [
    ]
  },
  {
    "platform" : "",
    "searchTime" : "2025-02-13T10:56:07.405Z[UTC]",
    "searchQuery" : "gue",
    "searchInteractionURIs" : [
    ]
  },
  {
    "platform" : "",
    "searchTime" : "2025-02-13T10:56:07.455Z[UTC]",
    "searchQuery" : "gue",
    "searchInteractionURIs" : [
    ]
  },
  {
    "platform" : "",
    "searchTime" : "2025-02-13T10:56:08.078Z[UTC]",
    "searchQuery" : "gueril",
    "searchInteractionURIs" : [
    ]
  },
  {
    "platform" : "",
    "searchTime" : "2025-02-13T10:56:08.134Z[UTC]",
    "searchQuery" : "gueril",
    "searchInteractionURIs" : [
    ]
  },
  {
    "platform" : "ANDROID",
    "searchTime" : "2025-02-13T10:56:09.249Z[UTC]",
    "searchQuery" : "guerilla",
    "searchInteractionURIs" : [
      "spotify:artist:28EqKeX9NMNRu7OC0jKHnF"
    ]
  },
  {
    "platform" : "",
    "searchTime" : "2025-02-13T10:56:57.441Z[UTC]",
    "searchQuery" : "b",
    "searchInteractionURIs" : [
    ]
  },
  {
    "platform" : "",
    "searchTime" : "2025-02-13T10:56:57.514Z[UTC]",
    "searchQuery" : "b",
    "searchInteractionURIs" : [
    ]
  },
  {
    "platform" : "ANDROID",
    "searchTime" : "2025-02-13T10:57:00.591Z[UTC]",
    "searchQuery" : "les bettra",
    "searchInteractionURIs" : [
      "spotify:search:les+betteraves"
    ]
  },
  {
    "platform" : "ANDROID",
    "searchTime" : "2025-02-13T10:57:02.473Z[UTC]",
    "searchQuery" : "les betteraves",
    "searchInteractionURIs" : [
      "spotify:track:51KvgxZIwR1n1uZxxo5ZId",
      "spotify:track:6t3keB5MAjjojUVzHlIqYu",
      "spotify:track:6t3keB5MAjjojUVzHlIqYu",
      "spotify:artist:2AOohEcXO2n9V2sbVreQJh"
    ]
  },
  {
    "platform" : "",
    "searchTime" : "2025-02-13T11:16:40.510Z[UTC]",
    "searchQuery" : "u ar",
    "searchInteractionURIs" : [
    ]
  },
  {
    "platform" : "",
    "searchTime" : "2025-02-13T11:16:40.568Z[UTC]",
    "searchQuery" : "u ar",
    "searchInteractionURIs" : [
    ]
  },
  {
    "platform" : "ANDROID",
    "searchTime" : "2025-02-13T11:16:41.331Z[UTC]",
    "searchQuery" : "u are ",
    "searchInteractionURIs" : [
      "spotify:track:6vj3YpUoioQXuCX4rXHXgr"
    ]
  },
  {
    "platform" : "",
    "searchTime" : "2025-02-13T11:25:08.344Z[UTC]",
    "searchQuery" : "sae",
    "searchInteractionURIs" : [
    ]
  },
  {
    "platform" : "",
    "searchTime" : "2025-02-13T11:25:08.396Z[UTC]",
    "searchQuery" : "sae",
    "searchInteractionURIs" : [
    ]
  },
  {
    "platform" : "ANDROID_ARM",
    "searchTime" : "2025-02-13T11:25:08.588Z[UTC]",
    "searchQuery" : "saez",
    "searchInteractionURIs" : [
    ]
  },
  {
    "platform" : "ANDROID",
    "searchTime" : "2025-02-13T11:25:09.602Z[UTC]",
    "searchQuery" : "saez",
    "searchInteractionURIs" : [
      "spotify:artist:2yQBgACksUJgNKh1JWPWPe"
    ]
  },
  {
    "platform" : "ANDROID",
    "searchTime" : "2025-02-14T21:01:30.634Z[UTC]",
    "searchQuery" : "eliott",
    "searchInteractionURIs" : [
      "spotify:search:elliott+smith"
    ]
  },
  {
    "platform" : "ANDROID",
    "searchTime" : "2025-02-14T21:01:32.802Z[UTC]",
    "searchQuery" : "elliott smith",
    "searchInteractionURIs" : [
      "spotify:artist:2ApaG60P4r0yhBoDCGD8YG",
      "spotify:track:52Bg6oaos7twR7IUtEpqcE"
    ]
  },
  {
    "platform" : "",
    "searchTime" : "2025-02-14T21:01:43.410Z[UTC]",
    "searchQuery" : "elliott smith",
    "searchInteractionURIs" : [
    ]
  },
  {
    "platform" : "ANDROID",
    "searchTime" : "2025-02-14T21:02:23.048Z[UTC]",
    "searchQuery" : "once",
    "searchInteractionURIs" : [
      "spotify:album:4BUG3kfPOB6DWVKKDY2icE",
      "spotify:album:4BUG3kfPOB6DWVKKDY2icE"
    ]
  },
  {
    "platform" : "",
    "searchTime" : "2025-02-14T21:08:11.104Z[UTC]",
    "searchQuery" : "andrew bir",
    "searchInteractionURIs" : [
    ]
  },
  {
    "platform" : "",
    "searchTime" : "2025-02-14T21:08:11.190Z[UTC]",
    "searchQuery" : "andrew bir",
    "searchInteractionURIs" : [
    ]
  },
  {
    "platform" : "",
    "searchTime" : "2025-02-14T21:08:11.398Z[UTC]",
    "searchQuery" : "andrew bird",
    "searchInteractionURIs" : [
    ]
  },
  {
    "platform" : "",
    "searchTime" : "2025-02-14T21:08:11.466Z[UTC]",
    "searchQuery" : "andrew bird",
    "searchInteractionURIs" : [
    ]
  },
  {
    "platform" : "ANDROID",
    "searchTime" : "2025-02-14T21:08:12.450Z[UTC]",
    "searchQuery" : "andrew bird",
    "searchInteractionURIs" : [
      "spotify:artist:4uSftVc3FPWe6RJuMZNEe9"
    ]
  },
  {
    "platform" : "ANDROID",
    "searchTime" : "2025-02-14T21:08:36.939Z[UTC]",
    "searchQuery" : "radiohe",
    "searchInteractionURIs" : [
      "spotify:search:radiohead"
    ]
  },
  {
    "platform" : "ANDROID",
    "searchTime" : "2025-02-14T21:08:38.291Z[UTC]",
    "searchQuery" : "radiohead",
    "searchInteractionURIs" : [
      "spotify:track:0YJ9FWWHn9EfnN0lHwbzvV",
      "spotify:track:2kRFrWaLWiKq48YYVdGcm8",
      "spotify:playlist:37i9dQZF1DZ06evO2VxlyE"
    ]
  },
  {
    "platform" : "ANDROID_ARM",
    "searchTime" : "2025-02-14T21:09:28.993Z[UTC]",
    "searchQuery" : "juno",
    "searchInteractionURIs" : [
    ]
  },
  {
    "platform" : "ANDROID",
    "searchTime" : "2025-02-14T21:09:29.971Z[UTC]",
    "searchQuery" : "juno",
    "searchInteractionURIs" : [
      "spotify:album:3Dm3Kc5oOFtesVJe5TF1HG"
    ]
  },
  {
    "platform" : "",
    "searchTime" : "2025-02-14T21:14:15.891Z[UTC]",
    "searchQuery" : "you d",
    "searchInteractionURIs" : [
    ]
  },
  {
    "platform" : "",
    "searchTime" : "2025-02-14T21:14:15.951Z[UTC]",
    "searchQuery" : "you d",
    "searchInteractionURIs" : [
    ]
  },
  {
    "platform" : "ANDROID",
    "searchTime" : "2025-02-14T21:14:19.493Z[UTC]",
    "searchQuery" : "you dont see me ",
    "searchInteractionURIs" : [
    ]
  },
  {
    "platform" : "",
    "searchTime" : "2025-02-14T21:14:22.160Z[UTC]",
    "searchQuery" : "you dont see ",
    "searchInteractionURIs" : [
    ]
  },
  {
    "platform" : "",
    "searchTime" : "2025-02-14T21:14:22.197Z[UTC]",
    "searchQuery" : "you dont see ",
    "searchInteractionURIs" : [
    ]
  },
  {
    "platform" : "",
    "searchTime" : "2025-02-14T21:14:22.227Z[UTC]",
    "searchQuery" : "you dont s",
    "searchInteractionURIs" : [
    ]
  },
  {
    "platform" : "",
    "searchTime" : "2025-02-14T21:14:22.265Z[UTC]",
    "searchQuery" : "you dont s",
    "searchInteractionURIs" : [
    ]
  },
  {
    "platform" : "",
    "searchTime" : "2025-02-14T21:14:22.341Z[UTC]",
    "searchQuery" : "you dont",
    "searchInteractionURIs" : [
    ]
  },
  {
    "platform" : "",
    "searchTime" : "2025-02-14T21:14:22.402Z[UTC]",
    "searchQuery" : "you don't",
    "searchInteractionURIs" : [
    ]
  },
  {
    "platform" : "",
    "searchTime" : "2025-02-14T21:14:22.416Z[UTC]",
    "searchQuery" : "you dont",
    "searchInteractionURIs" : [
    ]
  },
  {
    "platform" : "ANDROID_ARM",
    "searchTime" : "2025-02-14T21:14:22.435Z[UTC]",
    "searchQuery" : "you dont se",
    "searchInteractionURIs" : [
    ]
  },
  {
    "platform" : "",
    "searchTime" : "2025-02-14T21:14:22.491Z[UTC]",
    "searchQuery" : "you don",
    "searchInteractionURIs" : [
    ]
  },
  {
    "platform" : "",
    "searchTime" : "2025-02-14T21:14:22.499Z[UTC]",
    "searchQuery" : "you do",
    "searchInteractionURIs" : [
    ]
  },
  {
    "platform" : "",
    "searchTime" : "2025-02-14T21:14:22.545Z[UTC]",
    "searchQuery" : "you don",
    "searchInteractionURIs" : [
    ]
  },
  {
    "platform" : "",
    "searchTime" : "2025-02-14T21:14:22.573Z[UTC]",
    "searchQuery" : "you do",
    "searchInteractionURIs" : [
    ]
  },
  {
    "platform" : "",
    "searchTime" : "2025-02-14T21:14:22.666Z[UTC]",
    "searchQuery" : "you ",
    "searchInteractionURIs" : [
    ]
  },
  {
    "platform" : "",
    "searchTime" : "2025-02-14T21:14:22.726Z[UTC]",
    "searchQuery" : "you ",
    "searchInteractionURIs" : [
    ]
  },
  {
    "platform" : "",
    "searchTime" : "2025-02-14T21:14:29.686Z[UTC]",
    "searchQuery" : "anyonz but",
    "searchInteractionURIs" : [
    ]
  },
  {
    "platform" : "",
    "searchTime" : "2025-02-14T21:14:29.725Z[UTC]",
    "searchQuery" : "anyonz but",
    "searchInteractionURIs" : [
    ]
  },
  {
    "platform" : "",
    "searchTime" : "2025-02-14T21:14:29.731Z[UTC]",
    "searchQuery" : "anyone but",
    "searchInteractionURIs" : [
    ]
  },
  {
    "platform" : "ANDROID",
    "searchTime" : "2025-02-14T21:14:31.403Z[UTC]",
    "searchQuery" : "anyonz but you",
    "searchInteractionURIs" : [
      "spotify:track:2pKi1lRvXNASy7ybeQIDTy",
      "spotify:track:2pKi1lRvXNASy7ybeQIDTy"
    ]
  },
  {
    "platform" : "",
    "searchTime" : "2025-02-14T21:18:38.581Z[UTC]",
    "searchQuery" : "birdie",
    "searchInteractionURIs" : [
    ]
  },
  {
    "platform" : "",
    "searchTime" : "2025-02-14T21:18:38.625Z[UTC]",
    "searchQuery" : "birdie",
    "searchInteractionURIs" : [
    ]
  },
  {
    "platform" : "ANDROID",
    "searchTime" : "2025-02-14T21:18:40.102Z[UTC]",
    "searchQuery" : "birdie",
    "searchInteractionURIs" : [
      "spotify:artist:2WX2uTcsvV5OnS0inACecP"
    ]
  },
  {
    "platform" : "ANDROID",
    "searchTime" : "2025-02-14T21:19:24.184Z[UTC]",
    "searchQuery" : "bon iver",
    "searchInteractionURIs" : [
      "spotify:search:bon+iver"
    ]
  },
  {
    "platform" : "ANDROID",
    "searchTime" : "2025-02-14T21:19:25.507Z[UTC]",
    "searchQuery" : "bon iver",
    "searchInteractionURIs" : [
      "spotify:artist:4LEiUm1SRbFMgfqnQTwUbQ",
      "spotify:track:3B3eOgLJSqPEA0RfboIQVM"
    ]
  },
  {
    "platform" : "",
    "searchTime" : "2025-02-14T21:20:20.416Z[UTC]",
    "searchQuery" : "sigur",
    "searchInteractionURIs" : [
    ]
  },
  {
    "platform" : "",
    "searchTime" : "2025-02-14T21:20:20.481Z[UTC]",
    "searchQuery" : "sigur",
    "searchInteractionURIs" : [
    ]
  },
  {
    "platform" : "ANDROID",
    "searchTime" : "2025-02-14T21:20:21.103Z[UTC]",
    "searchQuery" : "sigur ",
    "searchInteractionURIs" : [
      "spotify:search:sigur+r%C3%B3s"
    ]
  },
  {
    "platform" : "ANDROID",
    "searchTime" : "2025-02-14T21:20:23.295Z[UTC]",
    "searchQuery" : "sigur rós",
    "searchInteractionURIs" : [
      "spotify:artist:6UUrUCIZtQeOf8tC0WuzRy"
    ]
  },
  {
    "platform" : "",
    "searchTime" : "2025-02-14T21:21:15.585Z[UTC]",
    "searchQuery" : "coc",
    "searchInteractionURIs" : [
    ]
  },
  {
    "platform" : "",
    "searchTime" : "2025-02-14T21:21:15.651Z[UTC]",
    "searchQuery" : "coc",
    "searchInteractionURIs" : [
    ]
  },
  {
    "platform" : "ANDROID",
    "searchTime" : "2025-02-14T21:21:16.300Z[UTC]",
    "searchQuery" : "coco",
    "searchInteractionURIs" : [
      "spotify:search:cocorosie"
    ]
  },
  {
    "platform" : "ANDROID",
    "searchTime" : "2025-02-14T21:21:18.948Z[UTC]",
    "searchQuery" : "cocorosie",
    "searchInteractionURIs" : [
      "spotify:artist:05fo024EFotg9songSENOZ"
    ]
  },
  {
    "platform" : "ANDROID",
    "searchTime" : "2025-02-14T21:22:34.336Z[UTC]",
    "searchQuery" : "regina ",
    "searchInteractionURIs" : [
      "spotify:search:regina+spector"
    ]
  },
  {
    "platform" : "ANDROID",
    "searchTime" : "2025-02-14T21:22:36.564Z[UTC]",
    "searchQuery" : "regina spector",
    "searchInteractionURIs" : [
      "spotify:artist:3z6Gk257P9jNcZbBXJNX5i"
    ]
  },
  {
    "platform" : "ANDROID",
    "searchTime" : "2025-02-14T21:23:10.012Z[UTC]",
    "searchQuery" : "feist",
    "searchInteractionURIs" : [
      "spotify:artist:6CWTBjOJK75cTE8Xv8u1kj"
    ]
  },
  {
    "platform" : "",
    "searchTime" : "2025-02-14T21:23:33.072Z[UTC]",
    "searchQuery" : "cat power",
    "searchInteractionURIs" : [
    ]
  },
  {
    "platform" : "",
    "searchTime" : "2025-02-14T21:23:33.121Z[UTC]",
    "searchQuery" : "cat power",
    "searchInteractionURIs" : [
    ]
  },
  {
    "platform" : "ANDROID",
    "searchTime" : "2025-02-14T21:23:34.258Z[UTC]",
    "searchQuery" : "cat power",
    "searchInteractionURIs" : [
      "spotify:artist:6G7OerKc3eBO9sVkRNopFC",
      "spotify:track:0OVXLPJPDCFn1IV6bFxY1N"
    ]
  },
  {
    "platform" : "",
    "searchTime" : "2025-02-14T21:24:24.066Z[UTC]",
    "searchQuery" : "stay",
    "searchInteractionURIs" : [
    ]
  },
  {
    "platform" : "",
    "searchTime" : "2025-02-14T21:24:24.115Z[UTC]",
    "searchQuery" : "stay",
    "searchInteractionURIs" : [
    ]
  },
  {
    "platform" : "",
    "searchTime" : "2025-02-14T21:24:29.747Z[UTC]",
    "searchQuery" : "stay",
    "searchInteractionURIs" : [
    ]
  },
  {
    "platform" : "ANDROID",
    "searchTime" : "2025-02-14T21:24:34.705Z[UTC]",
    "searchQuery" : "stay ",
    "searchInteractionURIs" : [
    ]
  },
  {
    "platform" : "ANDROID",
    "searchTime" : "2025-02-14T21:25:26.793Z[UTC]",
    "searchQuery" : "stay past lives",
    "searchInteractionURIs" : [
      "spotify:playlist:4QtQpClHQ0yucWp6yys1CV"
    ]
  },
  {
    "platform" : "",
    "searchTime" : "2025-02-14T21:28:22.427Z[UTC]",
    "searchQuery" : "na",
    "searchInteractionURIs" : [
    ]
  },
  {
    "platform" : "",
    "searchTime" : "2025-02-14T21:28:22.490Z[UTC]",
    "searchQuery" : "na",
    "searchInteractionURIs" : [
    ]
  },
  {
    "platform" : "",
    "searchTime" : "2025-02-14T21:28:22.642Z[UTC]",
    "searchQuery" : "n",
    "searchInteractionURIs" : [
    ]
  },
  {
    "platform" : "",
    "searchTime" : "2025-02-14T21:28:22.710Z[UTC]",
    "searchQuery" : "n",
    "searchInteractionURIs" : [
    ]
  },
  {
    "platform" : "",
    "searchTime" : "2025-02-14T21:28:26.970Z[UTC]",
    "searchQuery" : "dan r",
    "searchInteractionURIs" : [
    ]
  },
  {
    "platform" : "",
    "searchTime" : "2025-02-14T21:28:27.022Z[UTC]",
    "searchQuery" : "dan r",
    "searchInteractionURIs" : [
    ]
  },
  {
    "platform" : "",
    "searchTime" : "2025-02-14T21:28:27.429Z[UTC]",
    "searchQuery" : "dan",
    "searchInteractionURIs" : [
    ]
  },
  {
    "platform" : "",
    "searchTime" : "2025-02-14T21:28:27.492Z[UTC]",
    "searchQuery" : "dan",
    "searchInteractionURIs" : [
    ]
  },
  {
    "platform" : "",
    "searchTime" : "2025-02-14T21:28:30.531Z[UTC]",
    "searchQuery" : "dam ric",
    "searchInteractionURIs" : [
    ]
  },
  {
    "platform" : "",
    "searchTime" : "2025-02-14T21:28:30.576Z[UTC]",
    "searchQuery" : "dam ric",
    "searchInteractionURIs" : [
    ]
  },
  {
    "platform" : "",
    "searchTime" : "2025-02-14T21:28:30.608Z[UTC]",
    "searchQuery" : "sam ric",
    "searchInteractionURIs" : [
    ]
  },
  {
    "platform" : "",
    "searchTime" : "2025-02-14T21:28:30.753Z[UTC]",
    "searchQuery" : "dam rice",
    "searchInteractionURIs" : [
    ]
  },
  {
    "platform" : "",
    "searchTime" : "2025-02-14T21:28:30.790Z[UTC]",
    "searchQuery" : "dam rice",
    "searchInteractionURIs" : [
    ]
  },
  {
    "platform" : "",
    "searchTime" : "2025-02-14T21:28:30.828Z[UTC]",
    "searchQuery" : "sam rive",
    "searchInteractionURIs" : [
    ]
  },
  {
    "platform" : "ANDROID",
    "searchTime" : "2025-02-14T21:28:31.960Z[UTC]",
    "searchQuery" : "dam rice",
    "searchInteractionURIs" : [
      "spotify:artist:14r9dR01KeBLFfylVSKCZQ"
    ]
  },
  {
    "platform" : "",
    "searchTime" : "2025-02-14T21:29:22.609Z[UTC]",
    "searchQuery" : "into rh",
    "searchInteractionURIs" : [
    ]
  },
  {
    "platform" : "",
    "searchTime" : "2025-02-14T21:29:22.667Z[UTC]",
    "searchQuery" : "into rh",
    "searchInteractionURIs" : [
    ]
  },
  {
    "platform" : "",
    "searchTime" : "2025-02-14T21:29:22.677Z[UTC]",
    "searchQuery" : "into th",
    "searchInteractionURIs" : [
    ]
  },
  {
    "platform" : "ANDROID",
    "searchTime" : "2025-02-14T21:29:22.852Z[UTC]",
    "searchQuery" : "into r",
    "searchInteractionURIs" : [
    ]
  },
  {
    "platform" : "",
    "searchTime" : "2025-02-14T21:29:24.758Z[UTC]",
    "searchQuery" : "into the wi",
    "searchInteractionURIs" : [
    ]
  },
  {
    "platform" : "",
    "searchTime" : "2025-02-14T21:29:24.812Z[UTC]",
    "searchQuery" : "into the wi",
    "searchInteractionURIs" : [
    ]
  },
  {
    "platform" : "ANDROID",
    "searchTime" : "2025-02-14T21:29:26.735Z[UTC]",
    "searchQuery" : "into the wild",
    "searchInteractionURIs" : [
      "spotify:search:into+the+wild+soundtrack"
    ]
  },
  {
    "platform" : "ANDROID",
    "searchTime" : "2025-02-14T21:29:28.386Z[UTC]",
    "searchQuery" : "into the wild soundtrack",
    "searchInteractionURIs" : [
      "spotify:album:13xlpKbai3GGoMSr75lOeX"
    ]
  },
  {
    "platform" : "",
    "searchTime" : "2025-02-14T21:29:32.751Z[UTC]",
    "searchQuery" : "into the wild soundtrack",
    "searchInteractionURIs" : [
    ]
  },
  {
    "platform" : "ANDROID",
    "searchTime" : "2025-02-14T21:36:41.310Z[UTC]",
    "searchQuery" : "joe d ",
    "searchInteractionURIs" : [
      "spotify:search:joe+dassin"
    ]
  },
  {
    "platform" : "ANDROID",
    "searchTime" : "2025-02-14T21:36:42.802Z[UTC]",
    "searchQuery" : "joe dassin",
    "searchInteractionURIs" : [
      "spotify:track:3gvUS6JaXzbXNihHQlRWBW",
      "",
      ""
    ]
  },
  {
    "platform" : "",
    "searchTime" : "2025-02-14T23:48:42.103Z[UTC]",
    "searchQuery" : "emily sim",
    "searchInteractionURIs" : [
    ]
  },
  {
    "platform" : "",
    "searchTime" : "2025-02-14T23:48:42.138Z[UTC]",
    "searchQuery" : "emily sim",
    "searchInteractionURIs" : [
    ]
  },
  {
    "platform" : "",
    "searchTime" : "2025-02-14T23:48:42.585Z[UTC]",
    "searchQuery" : "emily simo",
    "searchInteractionURIs" : [
    ]
  },
  {
    "platform" : "",
    "searchTime" : "2025-02-14T23:48:42.590Z[UTC]",
    "searchQuery" : "emily simon",
    "searchInteractionURIs" : [
    ]
  },
  {
    "platform" : "",
    "searchTime" : "2025-02-14T23:48:42.618Z[UTC]",
    "searchQuery" : "emily simo",
    "searchInteractionURIs" : [
    ]
  },
  {
    "platform" : "",
    "searchTime" : "2025-02-14T23:48:42.621Z[UTC]",
    "searchQuery" : "emily simon",
    "searchInteractionURIs" : [
    ]
  },
  {
    "platform" : "ANDROID",
    "searchTime" : "2025-02-14T23:48:43.840Z[UTC]",
    "searchQuery" : "emily simon",
    "searchInteractionURIs" : [
      "spotify:artist:6kLw7VpGwN4N0sBdmKhhfd"
    ]
  },
  {
    "platform" : "ANDROID",
    "searchTime" : "2025-02-15T00:27:08.976Z[UTC]",
    "searchQuery" : "vincent delerm",
    "searchInteractionURIs" : [
      "spotify:artist:3Uo7E7lR9Li0qXzxU8VmnF",
      "spotify:artist:3Uo7E7lR9Li0qXzxU8VmnF"
    ]
  },
  {
    "platform" : "",
    "searchTime" : "2025-02-15T00:31:08.786Z[UTC]",
    "searchQuery" : "natation",
    "searchInteractionURIs" : [
    ]
  },
  {
    "platform" : "",
    "searchTime" : "2025-02-15T00:31:08.854Z[UTC]",
    "searchQuery" : "natation",
    "searchInteractionURIs" : [
    ]
  },
  {
    "platform" : "ANDROID",
    "searchTime" : "2025-02-15T00:31:11.907Z[UTC]",
    "searchQuery" : "natation synch",
    "searchInteractionURIs" : [
      "spotify:track:2vPFeBtLtOWAbqCHYjuhgw"
    ]
  },
  {
    "platform" : "ANDROID",
    "searchTime" : "2025-02-15T00:32:29.386Z[UTC]",
    "searchQuery" : "zaziz",
    "searchInteractionURIs" : [
      "spotify:artist:3FLS6y4AR3126l4D06V0ZD"
    ]
  },
  {
    "platform" : "",
    "searchTime" : "2025-02-15T00:34:08.015Z[UTC]",
    "searchQuery" : "lo",
    "searchInteractionURIs" : [
    ]
  },
  {
    "platform" : "",
    "searchTime" : "2025-02-15T00:34:08.076Z[UTC]",
    "searchQuery" : "lo",
    "searchInteractionURIs" : [
    ]
  },
  {
    "platform" : "",
    "searchTime" : "2025-02-15T00:34:10.486Z[UTC]",
    "searchQuery" : "l'or d",
    "searchInteractionURIs" : [
    ]
  },
  {
    "platform" : "",
    "searchTime" : "2025-02-15T00:34:10.550Z[UTC]",
    "searchQuery" : "l'or d",
    "searchInteractionURIs" : [
    ]
  },
  {
    "platform" : "ANDROID",
    "searchTime" : "2025-02-15T00:34:10.997Z[UTC]",
    "searchQuery" : "l'or du",
    "searchInteractionURIs" : [
      "spotify:artist:2lPL3aVXBS4gVGymFOAYxF"
    ]
  },
  {
    "platform" : "ANDROID",
    "searchTime" : "2025-02-15T00:35:32.440Z[UTC]",
    "searchQuery" : "swing",
    "searchInteractionURIs" : [
      "spotify:artist:0OQMxt6l70FM2YlLwYDiEn"
    ]
  },
  {
    "platform" : "",
    "searchTime" : "2025-02-15T00:36:38.945Z[UTC]",
    "searchQuery" : "Disiz la peste",
    "searchInteractionURIs" : [
    ]
  },
  {
    "platform" : "",
    "searchTime" : "2025-02-15T00:36:39.217Z[UTC]",
    "searchQuery" : "Disiz la peste",
    "searchInteractionURIs" : [
    ]
  },
  {
    "platform" : "",
    "searchTime" : "2025-02-15T00:39:38.373Z[UTC]",
    "searchQuery" : "Passy la",
    "searchInteractionURIs" : [
    ]
  },
  {
    "platform" : "",
    "searchTime" : "2025-02-15T00:39:38.674Z[UTC]",
    "searchQuery" : "Passy la",
    "searchInteractionURIs" : [
    ]
  },
  {
    "platform" : "",
    "searchTime" : "2025-02-15T00:57:52.845Z[UTC]",
    "searchQuery" : "Bâton merdeux",
    "searchInteractionURIs" : [
    ]
  },
  {
    "platform" : "",
    "searchTime" : "2025-02-15T00:57:53.150Z[UTC]",
    "searchQuery" : "Bâton merdeux",
    "searchInteractionURIs" : [
    ]
  },
  {
    "platform" : "",
    "searchTime" : "2025-02-15T00:59:57.256Z[UTC]",
    "searchQuery" : "Rap",
    "searchInteractionURIs" : [
    ]
  },
  {
    "platform" : "BROWSER",
    "searchTime" : "2025-02-15T00:59:57.678Z[UTC]",
    "searchQuery" : "Rap",
    "searchInteractionURIs" : [
    ]
  },
  {
    "platform" : "",
    "searchTime" : "2025-02-15T01:05:50.574Z[UTC]",
    "searchQuery" : "Keith muray",
    "searchInteractionURIs" : [
    ]
  },
  {
    "platform" : "",
    "searchTime" : "2025-02-15T01:05:50.906Z[UTC]",
    "searchQuery" : "Keith muray",
    "searchInteractionURIs" : [
    ]
  },
  {
    "platform" : "",
    "searchTime" : "2025-02-15T01:10:44.200Z[UTC]",
    "searchQuery" : "Mon rat",
    "searchInteractionURIs" : [
    ]
  },
  {
    "platform" : "BROWSER",
    "searchTime" : "2025-02-15T01:10:44.705Z[UTC]",
    "searchQuery" : "Mon rat",
    "searchInteractionURIs" : [
    ]
  },
  {
    "platform" : "",
    "searchTime" : "2025-02-15T01:11:23.919Z[UTC]",
    "searchQuery" : "Mon rat s appelle",
    "searchInteractionURIs" : [
    ]
  },
  {
    "platform" : "",
    "searchTime" : "2025-02-15T01:11:24.209Z[UTC]",
    "searchQuery" : "Mon rat s appelle",
    "searchInteractionURIs" : [
    ]
  },
  {
    "platform" : "",
    "searchTime" : "2025-02-15T01:11:54.884Z[UTC]",
    "searchQuery" : "Mon rat",
    "searchInteractionURIs" : [
    ]
  }
]