[
  {
    "endTime" : "2024-10-15 15:33",
    "audiobookName" : "Cohérence Cardiaque",
    "chapterName" : "Cohérence Cardiaque",
    "authorName" : "David James",
    "msPlayed" : 314
  },
  {
    "endTime" : "2024-10-15 15:33",
    "audiobookName" : "Titan (Tome 1) - Confusion",
    "chapterName" : "Titan (Tome 1) - Confusion",
    "authorName" : "Jennifer L. Armentrout",
    "msPlayed" : 1190
  },
  {
    "endTime" : "2024-10-15 15:33",
    "audiobookName" : "Le Petit Prince",
    "chapterName" : "Le Petit Prince",
    "authorName" : "Antoine de Saint-Exupéry",
    "msPlayed" : 466
  },
  {
    "endTime" : "2024-10-15 15:33",
    "audiobookName" : "Wuthering Heights",
    "chapterName" : "Wuthering Heights",
    "authorName" : "Emily Brönte",
    "msPlayed" : 1380
  },
  {
    "endTime" : "2024-10-15 15:33",
    "audiobookName" : "Toxic Positivity",
    "chapterName" : "Toxic Positivity",
    "authorName" : "Chase Hill",
    "msPlayed" : 968
  },
  {
    "endTime" : "2024-10-15 15:33",
    "audiobookName" : "De Gaulle",
    "chapterName" : "De Gaulle",
    "authorName" : "François Kersaudy",
    "msPlayed" : 875
  },
  {
    "endTime" : "2024-10-15 15:33",
    "audiobookName" : "La fille de la reine sirène",
    "chapterName" : "La fille de la reine sirène",
    "authorName" : "Tricia Levenseller",
    "msPlayed" : 453
  },
  {
    "endTime" : "2024-10-15 15:33",
    "audiobookName" : "Du thé pour les fantômes",
    "chapterName" : "Du thé pour les fantômes",
    "authorName" : "Chris Vuklisevic",
    "msPlayed" : 1703
  },
  {
    "endTime" : "2024-10-15 15:33",
    "audiobookName" : "La Ferme des animaux",
    "chapterName" : "La Ferme des animaux",
    "authorName" : "George Orwell",
    "msPlayed" : 2145
  },
  {
    "endTime" : "2024-10-15 15:33",
    "audiobookName" : "La Ferme des animaux",
    "chapterName" : "La Ferme des animaux",
    "authorName" : "George Orwell",
    "msPlayed" : 4488
  },
  {
    "endTime" : "2024-10-15 15:34",
    "audiobookName" : "Mon assassin",
    "chapterName" : "Mon assassin",
    "authorName" : "Daniel Pennac",
    "msPlayed" : 1587
  },
  {
    "endTime" : "2024-10-15 15:34",
    "audiobookName" : "Paul Matin and the magical magnifying",
    "chapterName" : "Paul Matin and the magical magnifying",
    "authorName" : "Gerges  Alexandre Vagan",
    "msPlayed" : 3674
  },
  {
    "endTime" : "2024-10-15 15:34",
    "audiobookName" : "Le Problème à trois corps",
    "chapterName" : "Le Problème à trois corps",
    "authorName" : "Liu Cixin",
    "msPlayed" : 1298
  },
  {
    "endTime" : "2024-10-15 15:34",
    "audiobookName" : "Ho'oponopono - Le pouvoir en vous",
    "chapterName" : "Ho'oponopono - Le pouvoir en vous",
    "authorName" : "Laurent Debaker",
    "msPlayed" : 1962
  },
  {
    "endTime" : "2024-10-21 17:16",
    "audiobookName" : "Les crottes",
    "chapterName" : "Les crottes",
    "authorName" : "Stéphanie Ledu",
    "msPlayed" : 0
  },
  {
    "endTime" : "2024-11-15 09:28",
    "audiobookName" : "L'alchimiste",
    "chapterName" : "Track 1",
    "authorName" : "Paulo Coelho",
    "msPlayed" : 158133
  },
  {
    "endTime" : "2024-11-15 09:32",
    "audiobookName" : "L'alchimiste",
    "chapterName" : "Track 2",
    "authorName" : "Paulo Coelho",
    "msPlayed" : 220801
  },
  {
    "endTime" : "2024-11-15 09:35",
    "audiobookName" : "L'alchimiste",
    "chapterName" : "Track 3",
    "authorName" : "Paulo Coelho",
    "msPlayed" : 191361
  },
  {
    "endTime" : "2024-11-15 09:39",
    "audiobookName" : "L'alchimiste",
    "chapterName" : "Track 4",
    "authorName" : "Paulo Coelho",
    "msPlayed" : 253428
  },
  {
    "endTime" : "2024-11-15 09:50",
    "audiobookName" : "L'alchimiste",
    "chapterName" : "Track 5",
    "authorName" : "Paulo Coelho",
    "msPlayed" : 284330
  },
  {
    "endTime" : "2024-11-15 09:54",
    "audiobookName" : "L'alchimiste",
    "chapterName" : "Track 6",
    "authorName" : "Paulo Coelho",
    "msPlayed" : 262335
  },
  {
    "endTime" : "2024-11-15 09:58",
    "audiobookName" : "L'alchimiste",
    "chapterName" : "Track 7",
    "authorName" : "Paulo Coelho",
    "msPlayed" : 269728
  },
  {
    "endTime" : "2024-11-15 10:02",
    "audiobookName" : "L'alchimiste",
    "chapterName" : "Track 8",
    "authorName" : "Paulo Coelho",
    "msPlayed" : 219625
  },
  {
    "endTime" : "2024-11-15 10:06",
    "audiobookName" : "L'alchimiste",
    "chapterName" : "Track 9",
    "authorName" : "Paulo Coelho",
    "msPlayed" : 237336
  },
  {
    "endTime" : "2024-11-15 10:11",
    "audiobookName" : "L'alchimiste",
    "chapterName" : "Track 10",
    "authorName" : "Paulo Coelho",
    "msPlayed" : 291619
  },
  {
    "endTime" : "2024-11-15 10:16",
    "audiobookName" : "L'alchimiste",
    "chapterName" : "Track 11",
    "authorName" : "Paulo Coelho",
    "msPlayed" : 318290
  },
  {
    "endTime" : "2024-11-15 10:20",
    "audiobookName" : "L'alchimiste",
    "chapterName" : "Track 12",
    "authorName" : "Paulo Coelho",
    "msPlayed" : 220983
  },
  {
    "endTime" : "2024-11-15 10:31",
    "audiobookName" : "L'alchimiste",
    "chapterName" : "Track 13",
    "authorName" : "Paulo Coelho",
    "msPlayed" : 184830
  },
  {
    "endTime" : "2024-11-15 10:35",
    "audiobookName" : "L'alchimiste",
    "chapterName" : "Track 14",
    "authorName" : "Paulo Coelho",
    "msPlayed" : 215419
  },
  {
    "endTime" : "2024-11-15 10:49",
    "audiobookName" : "L'alchimiste",
    "chapterName" : "Track 15",
    "authorName" : "Paulo Coelho",
    "msPlayed" : 121806
  },
  {
    "endTime" : "2024-11-15 11:12",
    "audiobookName" : "L'alchimiste",
    "chapterName" : "Track 15",
    "authorName" : "Paulo Coelho",
    "msPlayed" : 156084
  },
  {
    "endTime" : "2024-11-15 11:16",
    "audiobookName" : "L'alchimiste",
    "chapterName" : "Track 16",
    "authorName" : "Paulo Coelho",
    "msPlayed" : 240863
  },
  {
    "endTime" : "2024-11-15 11:19",
    "audiobookName" : "L'alchimiste",
    "chapterName" : "Track 17",
    "authorName" : "Paulo Coelho",
    "msPlayed" : 188592
  },
  {
    "endTime" : "2024-11-15 11:31",
    "audiobookName" : "L'alchimiste",
    "chapterName" : "Track 18",
    "authorName" : "Paulo Coelho",
    "msPlayed" : 69137
  },
  {
    "endTime" : "2024-11-15 13:59",
    "audiobookName" : "L'alchimiste",
    "chapterName" : "Track 18",
    "authorName" : "Paulo Coelho",
    "msPlayed" : 126042
  },
  {
    "endTime" : "2024-11-15 14:02",
    "audiobookName" : "L'alchimiste",
    "chapterName" : "Track 19",
    "authorName" : "Paulo Coelho",
    "msPlayed" : 179475
  },
  {
    "endTime" : "2024-11-15 14:17",
    "audiobookName" : "L'alchimiste",
    "chapterName" : "Track 20",
    "authorName" : "Paulo Coelho",
    "msPlayed" : 98925
  },
  {
    "endTime" : "2024-11-15 14:50",
    "audiobookName" : "L'alchimiste",
    "chapterName" : "Track 20",
    "authorName" : "Paulo Coelho",
    "msPlayed" : 130376
  },
  {
    "endTime" : "2024-11-15 14:53",
    "audiobookName" : "L'alchimiste",
    "chapterName" : "Track 21",
    "authorName" : "Paulo Coelho",
    "msPlayed" : 160405
  },
  {
    "endTime" : "2024-11-15 14:57",
    "audiobookName" : "L'alchimiste",
    "chapterName" : "Track 22",
    "authorName" : "Paulo Coelho",
    "msPlayed" : 247811
  },
  {
    "endTime" : "2024-11-15 15:00",
    "audiobookName" : "L'alchimiste",
    "chapterName" : "Track 23",
    "authorName" : "Paulo Coelho",
    "msPlayed" : 192275
  },
  {
    "endTime" : "2024-11-15 15:07",
    "audiobookName" : "L'alchimiste",
    "chapterName" : "Track 24",
    "authorName" : "Paulo Coelho",
    "msPlayed" : 271243
  },
  {
    "endTime" : "2024-11-15 15:12",
    "audiobookName" : "L'alchimiste",
    "chapterName" : "Track 25",
    "authorName" : "Paulo Coelho",
    "msPlayed" : 289868
  },
  {
    "endTime" : "2024-11-15 15:15",
    "audiobookName" : "L'alchimiste",
    "chapterName" : "Track 26",
    "authorName" : "Paulo Coelho",
    "msPlayed" : 185692
  },
  {
    "endTime" : "2024-11-15 15:20",
    "audiobookName" : "L'alchimiste",
    "chapterName" : "Track 27",
    "authorName" : "Paulo Coelho",
    "msPlayed" : 280151
  },
  {
    "endTime" : "2024-11-15 15:24",
    "audiobookName" : "L'alchimiste",
    "chapterName" : "Track 28",
    "authorName" : "Paulo Coelho",
    "msPlayed" : 233183
  },
  {
    "endTime" : "2024-11-15 15:29",
    "audiobookName" : "L'alchimiste",
    "chapterName" : "Track 29",
    "authorName" : "Paulo Coelho",
    "msPlayed" : 299194
  },
  {
    "endTime" : "2024-11-15 15:33",
    "audiobookName" : "L'alchimiste",
    "chapterName" : "Track 30",
    "authorName" : "Paulo Coelho",
    "msPlayed" : 228402
  },
  {
    "endTime" : "2024-11-15 15:37",
    "audiobookName" : "L'alchimiste",
    "chapterName" : "Track 31",
    "authorName" : "Paulo Coelho",
    "msPlayed" : 279472
  },
  {
    "endTime" : "2024-11-15 15:43",
    "audiobookName" : "L'alchimiste",
    "chapterName" : "Track 32",
    "authorName" : "Paulo Coelho",
    "msPlayed" : 342766
  },
  {
    "endTime" : "2024-11-15 15:48",
    "audiobookName" : "L'alchimiste",
    "chapterName" : "Track 33",
    "authorName" : "Paulo Coelho",
    "msPlayed" : 292428
  },
  {
    "endTime" : "2024-11-15 15:51",
    "audiobookName" : "L'alchimiste",
    "chapterName" : "Track 34",
    "authorName" : "Paulo Coelho",
    "msPlayed" : 211109
  },
  {
    "endTime" : "2024-11-15 15:55",
    "audiobookName" : "L'alchimiste",
    "chapterName" : "Track 35",
    "authorName" : "Paulo Coelho",
    "msPlayed" : 242143
  },
  {
    "endTime" : "2024-11-15 16:00",
    "audiobookName" : "L'alchimiste",
    "chapterName" : "Track 36",
    "authorName" : "Paulo Coelho",
    "msPlayed" : 302538
  },
  {
    "endTime" : "2024-11-15 16:05",
    "audiobookName" : "L'alchimiste",
    "chapterName" : "Track 38",
    "authorName" : "Paulo Coelho",
    "msPlayed" : 2021
  },
  {
    "endTime" : "2024-11-15 16:05",
    "audiobookName" : "L'alchimiste",
    "chapterName" : "Track 37",
    "authorName" : "Paulo Coelho",
    "msPlayed" : 264974
  },
  {
    "endTime" : "2024-11-15 16:44",
    "audiobookName" : "L'alchimiste",
    "chapterName" : "Track 20",
    "authorName" : "Paulo Coelho",
    "msPlayed" : 142437
  },
  {
    "endTime" : "2024-11-15 16:44",
    "audiobookName" : "L'alchimiste",
    "chapterName" : "Track 21",
    "authorName" : "Paulo Coelho",
    "msPlayed" : 9410
  },
  {
    "endTime" : "2024-11-15 16:45",
    "audiobookName" : "L'alchimiste",
    "chapterName" : "Track 35",
    "authorName" : "Paulo Coelho",
    "msPlayed" : 7692
  },
  {
    "endTime" : "2024-11-15 16:45",
    "audiobookName" : "L'alchimiste",
    "chapterName" : "Track 23",
    "authorName" : "Paulo Coelho",
    "msPlayed" : 14870
  },
  {
    "endTime" : "2024-11-15 16:45",
    "audiobookName" : "L'alchimiste",
    "chapterName" : "Track 34",
    "authorName" : "Paulo Coelho",
    "msPlayed" : 5572
  },
  {
    "endTime" : "2024-11-15 16:45",
    "audiobookName" : "L'alchimiste",
    "chapterName" : "Track 24",
    "authorName" : "Paulo Coelho",
    "msPlayed" : 1577
  },
  {
    "endTime" : "2024-11-15 16:45",
    "audiobookName" : "L'alchimiste",
    "chapterName" : "Track 22",
    "authorName" : "Paulo Coelho",
    "msPlayed" : 14799
  },
  {
    "endTime" : "2024-11-15 16:47",
    "audiobookName" : "L'alchimiste",
    "chapterName" : "Track 33",
    "authorName" : "Paulo Coelho",
    "msPlayed" : 91954
  },
  {
    "endTime" : "2024-11-15 16:50",
    "audiobookName" : "L'alchimiste",
    "chapterName" : "Track 34",
    "authorName" : "Paulo Coelho",
    "msPlayed" : 211109
  },
  {
    "endTime" : "2024-11-15 16:54",
    "audiobookName" : "L'alchimiste",
    "chapterName" : "Track 35",
    "authorName" : "Paulo Coelho",
    "msPlayed" : 242143
  },
  {
    "endTime" : "2024-11-15 16:59",
    "audiobookName" : "L'alchimiste",
    "chapterName" : "Track 36",
    "authorName" : "Paulo Coelho",
    "msPlayed" : 302538
  },
  {
    "endTime" : "2024-11-15 17:01",
    "audiobookName" : "L'alchimiste",
    "chapterName" : "Track 37",
    "authorName" : "Paulo Coelho",
    "msPlayed" : 85013
  },
  {
    "endTime" : "2024-11-15 17:05",
    "audiobookName" : "L'alchimiste",
    "chapterName" : "Track 38",
    "authorName" : "Paulo Coelho",
    "msPlayed" : 252461
  },
  {
    "endTime" : "2024-11-15 17:10",
    "audiobookName" : "L'alchimiste",
    "chapterName" : "Track 39",
    "authorName" : "Paulo Coelho",
    "msPlayed" : 280412
  },
  {
    "endTime" : "2024-11-15 17:12",
    "audiobookName" : "L'alchimiste",
    "chapterName" : "Track 40",
    "authorName" : "Paulo Coelho",
    "msPlayed" : 144210
  },
  {
    "endTime" : "2024-11-15 17:15",
    "audiobookName" : "L'alchimiste",
    "chapterName" : "Track 41",
    "authorName" : "Paulo Coelho",
    "msPlayed" : 172343
  },
  {
    "endTime" : "2024-11-15 17:18",
    "audiobookName" : "L'alchimiste",
    "chapterName" : "Track 42",
    "authorName" : "Paulo Coelho",
    "msPlayed" : 145594
  },
  {
    "endTime" : "2024-11-15 17:20",
    "audiobookName" : "L'alchimiste",
    "chapterName" : "Track 43",
    "authorName" : "Paulo Coelho",
    "msPlayed" : 136503
  },
  {
    "endTime" : "2024-11-15 17:22",
    "audiobookName" : "L'alchimiste",
    "chapterName" : "Track 44",
    "authorName" : "Paulo Coelho",
    "msPlayed" : 125036
  },
  {
    "endTime" : "2024-11-15 17:24",
    "audiobookName" : "L'alchimiste",
    "chapterName" : "Track 45",
    "authorName" : "Paulo Coelho",
    "msPlayed" : 121875
  },
  {
    "endTime" : "2024-11-15 17:26",
    "audiobookName" : "L'alchimiste",
    "chapterName" : "Track 46",
    "authorName" : "Paulo Coelho",
    "msPlayed" : 135302
  },
  {
    "endTime" : "2024-11-15 17:29",
    "audiobookName" : "L'alchimiste",
    "chapterName" : "Track 47",
    "authorName" : "Paulo Coelho",
    "msPlayed" : 131697
  },
  {
    "endTime" : "2024-11-15 17:48",
    "audiobookName" : "L'alchimiste",
    "chapterName" : "Track 48",
    "authorName" : "Paulo Coelho",
    "msPlayed" : 27140
  },
  {
    "endTime" : "2024-11-15 18:18",
    "audiobookName" : "L'alchimiste",
    "chapterName" : "Track 48",
    "authorName" : "Paulo Coelho",
    "msPlayed" : 7510
  },
  {
    "endTime" : "2024-11-15 18:36",
    "audiobookName" : "L'alchimiste",
    "chapterName" : "Track 48",
    "authorName" : "Paulo Coelho",
    "msPlayed" : 44728
  },
  {
    "endTime" : "2024-11-15 18:37",
    "audiobookName" : "L'alchimiste",
    "chapterName" : "Track 49",
    "authorName" : "Paulo Coelho",
    "msPlayed" : 53291
  },
  {
    "endTime" : "2024-11-16 14:33",
    "audiobookName" : "L'alchimiste",
    "chapterName" : "Track 49",
    "authorName" : "Paulo Coelho",
    "msPlayed" : 81952
  },
  {
    "endTime" : "2024-11-16 14:37",
    "audiobookName" : "L'alchimiste",
    "chapterName" : "Track 50",
    "authorName" : "Paulo Coelho",
    "msPlayed" : 237127
  },
  {
    "endTime" : "2024-11-16 14:41",
    "audiobookName" : "L'alchimiste",
    "chapterName" : "Track 51",
    "authorName" : "Paulo Coelho",
    "msPlayed" : 200895
  },
  {
    "endTime" : "2024-11-16 14:43",
    "audiobookName" : "L'alchimiste",
    "chapterName" : "Track 52",
    "authorName" : "Paulo Coelho",
    "msPlayed" : 159988
  },
  {
    "endTime" : "2024-11-16 14:48",
    "audiobookName" : "L'alchimiste",
    "chapterName" : "Track 53",
    "authorName" : "Paulo Coelho",
    "msPlayed" : 247445
  },
  {
    "endTime" : "2024-11-16 14:50",
    "audiobookName" : "L'alchimiste",
    "chapterName" : "Track 54",
    "authorName" : "Paulo Coelho",
    "msPlayed" : 155442
  },
  {
    "endTime" : "2024-11-16 14:53",
    "audiobookName" : "L'alchimiste",
    "chapterName" : "Track 55",
    "authorName" : "Paulo Coelho",
    "msPlayed" : 144732
  },
  {
    "endTime" : "2024-11-16 14:55",
    "audiobookName" : "L'alchimiste",
    "chapterName" : "Track 56",
    "authorName" : "Paulo Coelho",
    "msPlayed" : 133578
  },
  {
    "endTime" : "2024-11-16 14:57",
    "audiobookName" : "L'alchimiste",
    "chapterName" : "Track 57",
    "authorName" : "Paulo Coelho",
    "msPlayed" : 121352
  },
  {
    "endTime" : "2024-11-16 14:59",
    "audiobookName" : "L'alchimiste",
    "chapterName" : "Track 58",
    "authorName" : "Paulo Coelho",
    "msPlayed" : 86296
  },
  {
    "endTime" : "2024-11-16 15:01",
    "audiobookName" : "L'alchimiste",
    "chapterName" : "Track 59",
    "authorName" : "Paulo Coelho",
    "msPlayed" : 142224
  },
  {
    "endTime" : "2024-11-16 15:04",
    "audiobookName" : "L'alchimiste",
    "chapterName" : "Track 60",
    "authorName" : "Paulo Coelho",
    "msPlayed" : 177307
  },
  {
    "endTime" : "2024-11-16 15:08",
    "audiobookName" : "L'alchimiste",
    "chapterName" : "Track 61",
    "authorName" : "Paulo Coelho",
    "msPlayed" : 227383
  },
  {
    "endTime" : "2024-11-16 15:11",
    "audiobookName" : "L'alchimiste",
    "chapterName" : "Track 62",
    "authorName" : "Paulo Coelho",
    "msPlayed" : 223021
  },
  {
    "endTime" : "2024-11-16 15:14",
    "audiobookName" : "L'alchimiste",
    "chapterName" : "Track 63",
    "authorName" : "Paulo Coelho",
    "msPlayed" : 147214
  },
  {
    "endTime" : "2024-11-16 15:16",
    "audiobookName" : "L'alchimiste",
    "chapterName" : "Track 64",
    "authorName" : "Paulo Coelho",
    "msPlayed" : 120804
  },
  {
    "endTime" : "2024-11-16 15:18",
    "audiobookName" : "L'alchimiste",
    "chapterName" : "Track 65",
    "authorName" : "Paulo Coelho",
    "msPlayed" : 103276
  },
  {
    "endTime" : "2024-11-16 15:23",
    "audiobookName" : "L'alchimiste",
    "chapterName" : "Track 66",
    "authorName" : "Paulo Coelho",
    "msPlayed" : 287570
  },
  {
    "endTime" : "2024-11-16 15:27",
    "audiobookName" : "L'alchimiste",
    "chapterName" : "Track 67",
    "authorName" : "Paulo Coelho",
    "msPlayed" : 270172
  },
  {
    "endTime" : "2024-11-16 15:31",
    "audiobookName" : "L'alchimiste",
    "chapterName" : "Track 68",
    "authorName" : "Paulo Coelho",
    "msPlayed" : 262544
  },
  {
    "endTime" : "2024-11-16 15:35",
    "audiobookName" : "L'alchimiste",
    "chapterName" : "Track 69",
    "authorName" : "Paulo Coelho",
    "msPlayed" : 231955
  },
  {
    "endTime" : "2024-11-16 15:37",
    "audiobookName" : "L'alchimiste",
    "chapterName" : "Track 70",
    "authorName" : "Paulo Coelho",
    "msPlayed" : 115867
  },
  {
    "endTime" : "2024-11-16 16:20",
    "audiobookName" : "L'alchimiste",
    "chapterName" : "Track 71",
    "authorName" : "Paulo Coelho",
    "msPlayed" : 101057
  },
  {
    "endTime" : "2024-11-16 16:25",
    "audiobookName" : "L'alchimiste",
    "chapterName" : "Track 71",
    "authorName" : "Paulo Coelho",
    "msPlayed" : 9257
  },
  {
    "endTime" : "2024-11-17 16:05",
    "audiobookName" : "L'alchimiste",
    "chapterName" : "Track 71",
    "authorName" : "Paulo Coelho",
    "msPlayed" : 55298
  },
  {
    "endTime" : "2024-11-17 16:08",
    "audiobookName" : "L'alchimiste",
    "chapterName" : "Track 72",
    "authorName" : "Paulo Coelho",
    "msPlayed" : 209045
  },
  {
    "endTime" : "2024-11-17 16:11",
    "audiobookName" : "L'alchimiste",
    "chapterName" : "Track 73",
    "authorName" : "Paulo Coelho",
    "msPlayed" : 143556
  },
  {
    "endTime" : "2024-11-17 16:13",
    "audiobookName" : "L'alchimiste",
    "chapterName" : "Track 74",
    "authorName" : "Paulo Coelho",
    "msPlayed" : 153222
  },
  {
    "endTime" : "2024-11-17 16:16",
    "audiobookName" : "L'alchimiste",
    "chapterName" : "Track 75",
    "authorName" : "Paulo Coelho",
    "msPlayed" : 141441
  },
  {
    "endTime" : "2024-11-17 16:20",
    "audiobookName" : "L'alchimiste",
    "chapterName" : "Track 76",
    "authorName" : "Paulo Coelho",
    "msPlayed" : 243423
  },
  {
    "endTime" : "2024-11-17 16:22",
    "audiobookName" : "L'alchimiste",
    "chapterName" : "Track 77",
    "authorName" : "Paulo Coelho",
    "msPlayed" : 121457
  },
  {
    "endTime" : "2024-11-17 16:27",
    "audiobookName" : "L'alchimiste",
    "chapterName" : "Track 78",
    "authorName" : "Paulo Coelho",
    "msPlayed" : 331194
  },
  {
    "endTime" : "2024-11-17 16:32",
    "audiobookName" : "L'alchimiste",
    "chapterName" : "Track 79",
    "authorName" : "Paulo Coelho",
    "msPlayed" : 294544
  },
  {
    "endTime" : "2024-11-17 16:37",
    "audiobookName" : "L'alchimiste",
    "chapterName" : "Track 80",
    "authorName" : "Paulo Coelho",
    "msPlayed" : 253584
  },
  {
    "endTime" : "2024-11-17 16:42",
    "audiobookName" : "L'alchimiste",
    "chapterName" : "Track 81",
    "authorName" : "Paulo Coelho",
    "msPlayed" : 344569
  },
  {
    "endTime" : "2024-11-19 10:48",
    "audiobookName" : "Silo - Tome 1 - Parties 1 & 2",
    "chapterName" : "Silo - Tome 1 - Parties 1 & 2",
    "authorName" : "Hugh Howey",
    "msPlayed" : 1520
  },
  {
    "endTime" : "2024-11-19 11:10",
    "audiobookName" : "Ainsi parlait Zarathoustra (extrait ?)",
    "chapterName" : "Track 1",
    "authorName" : "Friedrich Nietzche",
    "msPlayed" : 727633
  },
  {
    "endTime" : "2024-11-19 16:58",
    "audiobookName" : "Ainsi parlait Zarathoustra (extrait ?)",
    "chapterName" : "Track 1",
    "authorName" : "Friedrich Nietzche",
    "msPlayed" : 2795
  },
  {
    "endTime" : "2024-11-19 17:55",
    "audiobookName" : "Ainsi parlait Zarathoustra (extrait ?)",
    "chapterName" : "Track 1",
    "authorName" : "Friedrich Nietzche",
    "msPlayed" : 2202
  },
  {
    "endTime" : "2024-11-22 15:25",
    "audiobookName" : "Silo - Tome 1 - Parties 1 & 2",
    "chapterName" : "Silo - Tome 1 - Parties 1 & 2",
    "authorName" : "Hugh Howey",
    "msPlayed" : 490
  },
  {
    "endTime" : "2024-11-22 15:33",
    "audiobookName" : "Ainsi parlait Zarathoustra (extrait ?)",
    "chapterName" : "Track 1",
    "authorName" : "Friedrich Nietzche",
    "msPlayed" : 466844
  },
  {
    "endTime" : "2024-11-22 15:57",
    "audiobookName" : "Ainsi parlait Zarathoustra (extrait ?)",
    "chapterName" : "Track 2",
    "authorName" : "Friedrich Nietzche",
    "msPlayed" : 879133
  },
  {
    "endTime" : "2024-11-22 16:32",
    "audiobookName" : "Ainsi parlait Zarathoustra (extrait ?)",
    "chapterName" : "Track 2",
    "authorName" : "Friedrich Nietzche",
    "msPlayed" : 62743
  },
  {
    "endTime" : "2024-11-22 16:38",
    "audiobookName" : "Ainsi parlait Zarathoustra (extrait ?)",
    "chapterName" : "Track 3",
    "authorName" : "Friedrich Nietzche",
    "msPlayed" : 351895
  },
  {
    "endTime" : "2024-11-22 16:44",
    "audiobookName" : "Ainsi parlait Zarathoustra (extrait ?)",
    "chapterName" : "Track 4",
    "authorName" : "Friedrich Nietzche",
    "msPlayed" : 401554
  },
  {
    "endTime" : "2024-11-22 16:53",
    "audiobookName" : "Ainsi parlait Zarathoustra (extrait ?)",
    "chapterName" : "Track 5",
    "authorName" : "Friedrich Nietzche",
    "msPlayed" : 488594
  },
  {
    "endTime" : "2024-11-22 16:57",
    "audiobookName" : "Ainsi parlait Zarathoustra (extrait ?)",
    "chapterName" : "Track 6",
    "authorName" : "Friedrich Nietzche",
    "msPlayed" : 278700
  },
  {
    "endTime" : "2024-11-22 17:01",
    "audiobookName" : "Ainsi parlait Zarathoustra (extrait ?)",
    "chapterName" : "Track 7",
    "authorName" : "Friedrich Nietzche",
    "msPlayed" : 236225
  },
  {
    "endTime" : "2024-11-22 17:06",
    "audiobookName" : "Ainsi parlait Zarathoustra (extrait ?)",
    "chapterName" : "Track 8",
    "authorName" : "Friedrich Nietzche",
    "msPlayed" : 299467
  },
  {
    "endTime" : "2024-11-22 17:23",
    "audiobookName" : "Ainsi parlait Zarathoustra (extrait ?)",
    "chapterName" : "Track 9",
    "authorName" : "Friedrich Nietzche",
    "msPlayed" : 11888
  },
  {
    "endTime" : "2024-11-28 16:29",
    "audiobookName" : "Petit Ours Brun - 15 grandes histoires, Vol. 2",
    "chapterName" : "Petit Ours Brun - 15 grandes histoires, Vol. 2",
    "authorName" : "NATHALIE SAVEY, Pôle Héros Bayard Jeunesse",
    "msPlayed" : 621
  },
  {
    "endTime" : "2024-11-28 16:29",
    "audiobookName" : "Le sens du bonheur",
    "chapterName" : "Le sens du bonheur",
    "authorName" : "Jiddu Krishnamurti",
    "msPlayed" : 2596
  },
  {
    "endTime" : "2024-11-28 16:29",
    "audiobookName" : "Harry Potter à L'école des Sorciers",
    "chapterName" : "Harry Potter à L'école des Sorciers",
    "authorName" : "J.K. Rowling",
    "msPlayed" : 547
  },
  {
    "endTime" : "2024-11-28 16:29",
    "audiobookName" : "Sans l'ombre d'un doute",
    "chapterName" : "Sans l'ombre d'un doute",
    "authorName" : "Michael Connelly",
    "msPlayed" : 1810
  },
  {
    "endTime" : "2024-11-28 16:29",
    "audiobookName" : "L'épopée de Timothée",
    "chapterName" : "L'épopée de Timothée",
    "authorName" : "Marie Hélène Poitras",
    "msPlayed" : 383
  },
  {
    "endTime" : "2024-11-28 16:29",
    "audiobookName" : "Le Nid du coucou",
    "chapterName" : "Le Nid du coucou",
    "authorName" : "Camilla Läckberg",
    "msPlayed" : 1389
  },
  {
    "endTime" : "2024-11-28 16:29",
    "audiobookName" : "Feu et sang - Partie 1 (House of the Dragon)",
    "chapterName" : "Feu et sang - Partie 1 (House of the Dragon)",
    "authorName" : "George R. R. Martin",
    "msPlayed" : 703
  },
  {
    "endTime" : "2024-11-28 16:29",
    "audiobookName" : "Phase 3",
    "chapterName" : "Phase 3",
    "authorName" : "Åsa Ericsdotter",
    "msPlayed" : 827
  },
  {
    "endTime" : "2024-11-28 16:29",
    "audiobookName" : "Sur la dalle",
    "chapterName" : "Sur la dalle",
    "authorName" : "Fred Vargas",
    "msPlayed" : 4072
  },
  {
    "endTime" : "2024-11-28 16:29",
    "audiobookName" : "Harry Potter et le Prince de Sang-Mêlé",
    "chapterName" : "Harry Potter et le Prince de Sang-Mêlé",
    "authorName" : "J.K. Rowling",
    "msPlayed" : 413
  },
  {
    "endTime" : "2024-11-28 16:29",
    "audiobookName" : "Du côté de chez Swann",
    "chapterName" : "Du côté de chez Swann",
    "authorName" : "Marcel Proust",
    "msPlayed" : 740
  },
  {
    "endTime" : "2024-11-28 16:29",
    "audiobookName" : "Angoisse et anxiété: Comment en venir à bout dès maintenant. 42 techniques efficaces pour apaiser le mental inquiet et en finir avec les crises d'angoisse. Retrouver la confiance en soi",
    "chapterName" : "Angoisse et anxiété: Comment en venir à bout dès maintenant. 42 techniques efficaces pour apaiser le mental inquiet et en finir avec les crises d'angoisse. Retrouver la confiance en soi",
    "authorName" : "Derick Howell",
    "msPlayed" : 2544
  },
  {
    "endTime" : "2024-11-28 16:42",
    "audiobookName" : "Captives : crimes réels et disparitions mystérieuses au Québec",
    "chapterName" : "Captives : crimes réels et disparitions mystérieuses au Québec",
    "authorName" : "Michèle Ouellette, Annie Laurin",
    "msPlayed" : 385
  },
  {
    "endTime" : "2024-11-28 16:42",
    "audiobookName" : "Le piège du métier passion",
    "chapterName" : "Le piège du métier passion",
    "authorName" : "Anne-Claire GENTHIALON",
    "msPlayed" : 0
  },
  {
    "endTime" : "2024-11-28 16:43",
    "audiobookName" : "Crime et châtiment",
    "chapterName" : "Track 1",
    "authorName" : "Fedor Dostoïevski",
    "msPlayed" : 779189
  },
  {
    "endTime" : "2024-11-28 16:48",
    "audiobookName" : "Le mythe de Sisyphe",
    "chapterName" : "Track 1",
    "authorName" : "Albert Camus",
    "msPlayed" : 321802
  },
  {
    "endTime" : "2024-11-28 16:59",
    "audiobookName" : "Le mythe de Sisyphe",
    "chapterName" : "Track 2",
    "authorName" : "Albert Camus",
    "msPlayed" : 372845
  },
  {
    "endTime" : "2024-11-28 17:05",
    "audiobookName" : "Le mythe de Sisyphe",
    "chapterName" : "Track 3",
    "authorName" : "Albert Camus",
    "msPlayed" : 361900
  },
  {
    "endTime" : "2024-11-28 17:20",
    "audiobookName" : "Le mythe de Sisyphe",
    "chapterName" : "Track 4",
    "authorName" : "Albert Camus",
    "msPlayed" : 106029
  },
  {
    "endTime" : "2024-11-28 19:01",
    "audiobookName" : "Le mythe de Sisyphe",
    "chapterName" : "Track 4",
    "authorName" : "Albert Camus",
    "msPlayed" : 56853
  },
  {
    "endTime" : "2024-12-05 16:12",
    "audiobookName" : "Le mythe de Sisyphe",
    "chapterName" : "Track 4",
    "authorName" : "Albert Camus",
    "msPlayed" : 91258
  },
  {
    "endTime" : "2024-12-05 16:16",
    "audiobookName" : "Le mythe de Sisyphe",
    "chapterName" : "Track 5",
    "authorName" : "Albert Camus",
    "msPlayed" : 250174
  },
  {
    "endTime" : "2024-12-05 16:19",
    "audiobookName" : "Le mythe de Sisyphe",
    "chapterName" : "Track 6",
    "authorName" : "Albert Camus",
    "msPlayed" : 201665
  },
  {
    "endTime" : "2024-12-05 16:23",
    "audiobookName" : "Le mythe de Sisyphe",
    "chapterName" : "Track 7",
    "authorName" : "Albert Camus",
    "msPlayed" : 206288
  },
  {
    "endTime" : "2024-12-05 16:27",
    "audiobookName" : "Le mythe de Sisyphe",
    "chapterName" : "Track 8",
    "authorName" : "Albert Camus",
    "msPlayed" : 236512
  },
  {
    "endTime" : "2024-12-05 16:30",
    "audiobookName" : "Le mythe de Sisyphe",
    "chapterName" : "Track 9",
    "authorName" : "Albert Camus",
    "msPlayed" : 205087
  },
  {
    "endTime" : "2024-12-05 16:32",
    "audiobookName" : "Le mythe de Sisyphe",
    "chapterName" : "Track 10",
    "authorName" : "Albert Camus",
    "msPlayed" : 108120
  },
  {
    "endTime" : "2024-12-05 16:38",
    "audiobookName" : "Le mythe de Sisyphe",
    "chapterName" : "Track 11",
    "authorName" : "Albert Camus",
    "msPlayed" : 359209
  },
  {
    "endTime" : "2024-12-05 16:43",
    "audiobookName" : "Le mythe de Sisyphe",
    "chapterName" : "Track 12",
    "authorName" : "Albert Camus",
    "msPlayed" : 329195
  },
  {
    "endTime" : "2024-12-05 16:44",
    "audiobookName" : "Le mythe de Sisyphe",
    "chapterName" : "Track 13",
    "authorName" : "Albert Camus",
    "msPlayed" : 28537
  },
  {
    "endTime" : "2025-01-12 09:28",
    "audiobookName" : "Pensées à moi-même",
    "chapterName" : "Chapter 0",
    "authorName" : "Marc Aurèle",
    "msPlayed" : 52786
  },
  {
    "endTime" : "2025-01-12 09:29",
    "audiobookName" : "Pensées à moi-même",
    "chapterName" : "Chapter 1",
    "authorName" : "Marc Aurèle",
    "msPlayed" : 72173
  },
  {
    "endTime" : "2025-01-12 09:31",
    "audiobookName" : "Pensées à moi-même",
    "chapterName" : "Chapter 2",
    "authorName" : "Marc Aurèle",
    "msPlayed" : 79706
  },
  {
    "endTime" : "2025-01-12 09:32",
    "audiobookName" : "Pensées à moi-même",
    "chapterName" : "Chapter 3",
    "authorName" : "Marc Aurèle",
    "msPlayed" : 80667
  },
  {
    "endTime" : "2025-01-12 09:33",
    "audiobookName" : "Pensées à moi-même",
    "chapterName" : "Chapter 4",
    "authorName" : "Marc Aurèle",
    "msPlayed" : 53347
  },
  {
    "endTime" : "2025-01-12 09:34",
    "audiobookName" : "Les fleurs du mal",
    "chapterName" : "Track 1",
    "authorName" : "Charles Baudelaire",
    "msPlayed" : 29779
  },
  {
    "endTime" : "2025-01-12 09:37",
    "audiobookName" : "Les fleurs du mal",
    "chapterName" : "Track 2",
    "authorName" : "Charles Baudelaire",
    "msPlayed" : 183484
  },
  {
    "endTime" : "2025-01-12 09:42",
    "audiobookName" : "Les fleurs du mal",
    "chapterName" : "Track 3",
    "authorName" : "Charles Baudelaire",
    "msPlayed" : 308767
  },
  {
    "endTime" : "2025-01-12 09:43",
    "audiobookName" : "Les fleurs du mal",
    "chapterName" : "Track 4",
    "authorName" : "Charles Baudelaire",
    "msPlayed" : 70217
  },
  {
    "endTime" : "2025-01-12 09:44",
    "audiobookName" : "Les fleurs du mal",
    "chapterName" : "Track 5",
    "authorName" : "Charles Baudelaire",
    "msPlayed" : 67999
  },
  {
    "endTime" : "2025-01-30 16:42",
    "audiobookName" : "La Ferme des animaux",
    "chapterName" : "Track 1",
    "authorName" : "George Orwell",
    "msPlayed" : 1077054
  },
  {
    "endTime" : "2025-01-30 17:06",
    "audiobookName" : "La Ferme des animaux",
    "chapterName" : "Track 2",
    "authorName" : "George Orwell",
    "msPlayed" : 380948
  },
  {
    "endTime" : "2025-01-31 10:54",
    "audiobookName" : "La Ferme des animaux",
    "chapterName" : "Track 2",
    "authorName" : "George Orwell",
    "msPlayed" : 557053
  },
  {
    "endTime" : "2025-01-31 11:08",
    "audiobookName" : "La Ferme des animaux",
    "chapterName" : "Track 3",
    "authorName" : "George Orwell",
    "msPlayed" : 856058
  },
  {
    "endTime" : "2025-01-31 11:18",
    "audiobookName" : "La Ferme des animaux",
    "chapterName" : "Track 4",
    "authorName" : "George Orwell",
    "msPlayed" : 609071
  },
  {
    "endTime" : "2025-01-31 11:46",
    "audiobookName" : "La Ferme des animaux",
    "chapterName" : "Track 5",
    "authorName" : "George Orwell",
    "msPlayed" : 543738
  },
  {
    "endTime" : "2025-02-02 09:24",
    "audiobookName" : "Fables",
    "chapterName" : "Opening Credits",
    "authorName" : "Jean de la Fontaine",
    "msPlayed" : 12386
  },
  {
    "endTime" : "2025-02-02 09:25",
    "audiobookName" : "Fables",
    "chapterName" : "Introduction",
    "authorName" : "Jean de la Fontaine",
    "msPlayed" : 21561
  },
  {
    "endTime" : "2025-02-02 09:25",
    "audiobookName" : "Fables",
    "chapterName" : "La Vie D'Esope",
    "authorName" : "Jean de la Fontaine",
    "msPlayed" : 7306
  },
  {
    "endTime" : "2025-02-02 09:25",
    "audiobookName" : "Fables",
    "chapterName" : "A Monseigneur Le Dauphin",
    "authorName" : "Jean de la Fontaine",
    "msPlayed" : 3756
  },
  {
    "endTime" : "2025-02-02 09:25",
    "audiobookName" : "Fables",
    "chapterName" : "Preface",
    "authorName" : "Jean de la Fontaine",
    "msPlayed" : 4322
  },
  {
    "endTime" : "2025-02-02 09:36",
    "audiobookName" : "Fables",
    "chapterName" : "Livre 1: Fable 1",
    "authorName" : "Jean de la Fontaine",
    "msPlayed" : 59015
  },
  {
    "endTime" : "2025-02-02 11:57",
    "audiobookName" : "Fables",
    "chapterName" : "Livre 1: Fable 2",
    "authorName" : "Jean de la Fontaine",
    "msPlayed" : 24988
  },
  {
    "endTime" : "2025-02-02 16:30",
    "audiobookName" : "Fables",
    "chapterName" : "Livre 1: Fable 2",
    "authorName" : "Jean de la Fontaine",
    "msPlayed" : 16916
  },
  {
    "endTime" : "2025-02-04 09:20",
    "audiobookName" : "La Ferme des animaux",
    "chapterName" : "Track 5",
    "authorName" : "George Orwell",
    "msPlayed" : 627053
  },
  {
    "endTime" : "2025-02-04 09:39",
    "audiobookName" : "La Ferme des animaux",
    "chapterName" : "Track 6",
    "authorName" : "George Orwell",
    "msPlayed" : 1088052
  },
  {
    "endTime" : "2025-02-04 10:04",
    "audiobookName" : "La Ferme des animaux",
    "chapterName" : "Track 7",
    "authorName" : "George Orwell",
    "msPlayed" : 1505306
  },
  {
    "endTime" : "2025-02-04 10:19",
    "audiobookName" : "La Ferme des animaux",
    "chapterName" : "Track 8",
    "authorName" : "George Orwell",
    "msPlayed" : 891062
  },
  {
    "endTime" : "2025-02-04 10:30",
    "audiobookName" : "La Ferme des animaux",
    "chapterName" : "Track 9",
    "authorName" : "George Orwell",
    "msPlayed" : 687072
  },
  {
    "endTime" : "2025-02-04 10:53",
    "audiobookName" : "La Ferme des animaux",
    "chapterName" : "Track 10",
    "authorName" : "George Orwell",
    "msPlayed" : 1348075
  },
  {
    "endTime" : "2025-02-04 11:23",
    "audiobookName" : "La Ferme des animaux",
    "chapterName" : "Track 11",
    "authorName" : "George Orwell",
    "msPlayed" : 1290057
  },
  {
    "endTime" : "2025-02-04 11:23",
    "audiobookName" : "La Ferme des animaux",
    "chapterName" : "Track 12",
    "authorName" : "George Orwell",
    "msPlayed" : 17520
  },
  {
    "endTime" : "2025-02-04 11:28",
    "audiobookName" : "La Ferme des animaux",
    "chapterName" : "Track 11",
    "authorName" : "George Orwell",
    "msPlayed" : 270610
  },
  {
    "endTime" : "2025-02-04 11:37",
    "audiobookName" : "La Ferme des animaux",
    "chapterName" : "Track 12",
    "authorName" : "George Orwell",
    "msPlayed" : 476055
  },
  {
    "endTime" : "2025-02-04 16:29",
    "audiobookName" : "La Ferme des animaux",
    "chapterName" : "Track 1",
    "authorName" : "George Orwell",
    "msPlayed" : 821
  },
  {
    "endTime" : "2025-02-04 16:30",
    "audiobookName" : "La philosophie pour les nuls en 50 notions clés",
    "chapterName" : "La philosophie pour les nuls en 50 notions clés",
    "authorName" : "Christian Godin",
    "msPlayed" : 1001
  },
  {
    "endTime" : "2025-02-04 16:30",
    "audiobookName" : "L'homme révolté",
    "chapterName" : "L'homme révolté",
    "authorName" : "Albert Camus",
    "msPlayed" : 0
  },
  {
    "endTime" : "2025-02-04 16:31",
    "audiobookName" : "Par delà le bien et le mal – Chapitres I à IV",
    "chapterName" : "Par delà le bien et le mal – Chapitres I à IV",
    "authorName" : "Friedrich Nietzche",
    "msPlayed" : 2268
  },
  {
    "endTime" : "2025-02-04 16:33",
    "audiobookName" : "LE Manuel de Culture générale",
    "chapterName" : "Track 1",
    "authorName" : "Jean-François Braunstein, Bernard Phan",
    "msPlayed" : 125936
  },
  {
    "endTime" : "2025-02-04 16:37",
    "audiobookName" : "LE Manuel de Culture générale",
    "chapterName" : "Track 2",
    "authorName" : "Jean-François Braunstein, Bernard Phan",
    "msPlayed" : 266553
  },
  {
    "endTime" : "2025-02-04 16:45",
    "audiobookName" : "LE Manuel de Culture générale",
    "chapterName" : "Track 3",
    "authorName" : "Jean-François Braunstein, Bernard Phan",
    "msPlayed" : 490240
  },
  {
    "endTime" : "2025-02-04 16:57",
    "audiobookName" : "LE Manuel de Culture générale",
    "chapterName" : "Track 4",
    "authorName" : "Jean-François Braunstein, Bernard Phan",
    "msPlayed" : 701492
  },
  {
    "endTime" : "2025-02-04 17:05",
    "audiobookName" : "LE Manuel de Culture générale",
    "chapterName" : "Track 5",
    "authorName" : "Jean-François Braunstein, Bernard Phan",
    "msPlayed" : 464770
  },
  {
    "endTime" : "2025-02-04 17:12",
    "audiobookName" : "LE Manuel de Culture générale",
    "chapterName" : "Track 6",
    "authorName" : "Jean-François Braunstein, Bernard Phan",
    "msPlayed" : 434651
  },
  {
    "endTime" : "2025-02-04 17:40",
    "audiobookName" : "LE Manuel de Culture générale",
    "chapterName" : "Track 7",
    "authorName" : "Jean-François Braunstein, Bernard Phan",
    "msPlayed" : 82780
  },
  {
    "endTime" : "2025-02-05 09:53",
    "audiobookName" : "LE Manuel de Culture générale",
    "chapterName" : "Track 7",
    "authorName" : "Jean-François Braunstein, Bernard Phan",
    "msPlayed" : 402473
  },
  {
    "endTime" : "2025-02-05 10:01",
    "audiobookName" : "LE Manuel de Culture générale",
    "chapterName" : "Track 8",
    "authorName" : "Jean-François Braunstein, Bernard Phan",
    "msPlayed" : 458031
  },
  {
    "endTime" : "2025-02-05 10:10",
    "audiobookName" : "LE Manuel de Culture générale",
    "chapterName" : "Track 9",
    "authorName" : "Jean-François Braunstein, Bernard Phan",
    "msPlayed" : 552097
  },
  {
    "endTime" : "2025-02-05 10:22",
    "audiobookName" : "LE Manuel de Culture générale",
    "chapterName" : "Track 10",
    "authorName" : "Jean-François Braunstein, Bernard Phan",
    "msPlayed" : 671895
  },
  {
    "endTime" : "2025-02-05 10:29",
    "audiobookName" : "LE Manuel de Culture générale",
    "chapterName" : "Track 11",
    "authorName" : "Jean-François Braunstein, Bernard Phan",
    "msPlayed" : 441495
  },
  {
    "endTime" : "2025-02-05 10:37",
    "audiobookName" : "LE Manuel de Culture générale",
    "chapterName" : "Track 12",
    "authorName" : "Jean-François Braunstein, Bernard Phan",
    "msPlayed" : 457064
  },
  {
    "endTime" : "2025-02-05 10:43",
    "audiobookName" : "LE Manuel de Culture générale",
    "chapterName" : "Track 13",
    "authorName" : "Jean-François Braunstein, Bernard Phan",
    "msPlayed" : 375327
  },
  {
    "endTime" : "2025-02-05 10:47",
    "audiobookName" : "LE Manuel de Culture générale",
    "chapterName" : "Track 14",
    "authorName" : "Jean-François Braunstein, Bernard Phan",
    "msPlayed" : 272640
  },
  {
    "endTime" : "2025-02-05 10:57",
    "audiobookName" : "LE Manuel de Culture générale",
    "chapterName" : "Track 15",
    "authorName" : "Jean-François Braunstein, Bernard Phan",
    "msPlayed" : 582870
  },
  {
    "endTime" : "2025-02-05 11:12",
    "audiobookName" : "LE Manuel de Culture générale",
    "chapterName" : "Track 16",
    "authorName" : "Jean-François Braunstein, Bernard Phan",
    "msPlayed" : 849946
  },
  {
    "endTime" : "2025-02-05 11:14",
    "audiobookName" : "LE Manuel de Culture générale",
    "chapterName" : "Track 17",
    "authorName" : "Jean-François Braunstein, Bernard Phan",
    "msPlayed" : 135627
  },
  {
    "endTime" : "2025-02-05 11:18",
    "audiobookName" : "LE Manuel de Culture générale",
    "chapterName" : "Track 18",
    "authorName" : "Jean-François Braunstein, Bernard Phan",
    "msPlayed" : 260414
  },
  {
    "endTime" : "2025-02-05 11:25",
    "audiobookName" : "LE Manuel de Culture générale",
    "chapterName" : "Track 19",
    "authorName" : "Jean-François Braunstein, Bernard Phan",
    "msPlayed" : 346070
  },
  {
    "endTime" : "2025-02-05 11:33",
    "audiobookName" : "LE Manuel de Culture générale",
    "chapterName" : "Track 20",
    "authorName" : "Jean-François Braunstein, Bernard Phan",
    "msPlayed" : 480574
  },
  {
    "endTime" : "2025-02-05 11:39",
    "audiobookName" : "LE Manuel de Culture générale",
    "chapterName" : "Track 21",
    "authorName" : "Jean-François Braunstein, Bernard Phan",
    "msPlayed" : 349701
  },
  {
    "endTime" : "2025-02-05 11:41",
    "audiobookName" : "LE Manuel de Culture générale",
    "chapterName" : "Track 22",
    "authorName" : "Jean-François Braunstein, Bernard Phan",
    "msPlayed" : 115826
  },
  {
    "endTime" : "2025-02-05 11:47",
    "audiobookName" : "LE Manuel de Culture générale",
    "chapterName" : "Track 23",
    "authorName" : "Jean-François Braunstein, Bernard Phan",
    "msPlayed" : 394736
  },
  {
    "endTime" : "2025-02-05 11:56",
    "audiobookName" : "LE Manuel de Culture générale",
    "chapterName" : "Track 24",
    "authorName" : "Jean-François Braunstein, Bernard Phan",
    "msPlayed" : 537182
  },
  {
    "endTime" : "2025-02-05 12:04",
    "audiobookName" : "LE Manuel de Culture générale",
    "chapterName" : "Track 25",
    "authorName" : "Jean-François Braunstein, Bernard Phan",
    "msPlayed" : 453276
  },
  {
    "endTime" : "2025-02-05 16:54",
    "audiobookName" : "LE Manuel de Culture générale",
    "chapterName" : "Track 26",
    "authorName" : "Jean-François Braunstein, Bernard Phan",
    "msPlayed" : 73592
  },
  {
    "endTime" : "2025-02-05 17:04",
    "audiobookName" : "LE Manuel de Culture générale",
    "chapterName" : "Track 26",
    "authorName" : "Jean-François Braunstein, Bernard Phan",
    "msPlayed" : 615728
  },
  {
    "endTime" : "2025-02-05 17:15",
    "audiobookName" : "LE Manuel de Culture générale",
    "chapterName" : "Track 27",
    "authorName" : "Jean-François Braunstein, Bernard Phan",
    "msPlayed" : 681613
  },
  {
    "endTime" : "2025-02-05 17:24",
    "audiobookName" : "LE Manuel de Culture générale",
    "chapterName" : "Track 28",
    "authorName" : "Jean-François Braunstein, Bernard Phan",
    "msPlayed" : 510145
  },
  {
    "endTime" : "2025-02-05 18:17",
    "audiobookName" : "LE Manuel de Culture générale",
    "chapterName" : "Track 29",
    "authorName" : "Jean-François Braunstein, Bernard Phan",
    "msPlayed" : 1057645
  },
  {
    "endTime" : "2025-02-05 18:23",
    "audiobookName" : "LE Manuel de Culture générale",
    "chapterName" : "Track 27",
    "authorName" : "Jean-François Braunstein, Bernard Phan",
    "msPlayed" : 9761
  },
  {
    "endTime" : "2025-02-05 18:23",
    "audiobookName" : "LE Manuel de Culture générale",
    "chapterName" : "Track 30",
    "authorName" : "Jean-François Braunstein, Bernard Phan",
    "msPlayed" : 285237
  },
  {
    "endTime" : "2025-02-05 18:23",
    "audiobookName" : "LE Manuel de Culture générale",
    "chapterName" : "Track 22",
    "authorName" : "Jean-François Braunstein, Bernard Phan",
    "msPlayed" : 5481
  },
  {
    "endTime" : "2025-02-05 18:23",
    "audiobookName" : "LE Manuel de Culture générale",
    "chapterName" : "Track 28",
    "authorName" : "Jean-François Braunstein, Bernard Phan",
    "msPlayed" : 12053
  },
  {
    "endTime" : "2025-02-05 18:23",
    "audiobookName" : "LE Manuel de Culture générale",
    "chapterName" : "Track 29",
    "authorName" : "Jean-François Braunstein, Bernard Phan",
    "msPlayed" : 5631
  },
  {
    "endTime" : "2025-02-06 09:20",
    "audiobookName" : "LE Manuel de Culture générale",
    "chapterName" : "Track 29",
    "authorName" : "Jean-François Braunstein, Bernard Phan",
    "msPlayed" : 1052645
  },
  {
    "endTime" : "2025-02-06 09:41",
    "audiobookName" : "LE Manuel de Culture générale",
    "chapterName" : "Track 30",
    "authorName" : "Jean-François Braunstein, Bernard Phan",
    "msPlayed" : 1293139
  },
  {
    "endTime" : "2025-02-06 09:54",
    "audiobookName" : "LE Manuel de Culture générale",
    "chapterName" : "Track 31",
    "authorName" : "Jean-François Braunstein, Bernard Phan",
    "msPlayed" : 774870
  },
  {
    "endTime" : "2025-02-06 10:01",
    "audiobookName" : "LE Manuel de Culture générale",
    "chapterName" : "Track 32",
    "authorName" : "Jean-François Braunstein, Bernard Phan",
    "msPlayed" : 422817
  },
  {
    "endTime" : "2025-02-06 10:06",
    "audiobookName" : "LE Manuel de Culture générale",
    "chapterName" : "Track 33",
    "authorName" : "Jean-François Braunstein, Bernard Phan",
    "msPlayed" : 266475
  },
  {
    "endTime" : "2025-02-06 10:21",
    "audiobookName" : "LE Manuel de Culture générale",
    "chapterName" : "Track 34",
    "authorName" : "Jean-François Braunstein, Bernard Phan",
    "msPlayed" : 891428
  },
  {
    "endTime" : "2025-02-06 10:39",
    "audiobookName" : "LE Manuel de Culture générale",
    "chapterName" : "Track 35",
    "authorName" : "Jean-François Braunstein, Bernard Phan",
    "msPlayed" : 473011
  },
  {
    "endTime" : "2025-02-06 10:57",
    "audiobookName" : "LE Manuel de Culture générale",
    "chapterName" : "Track 35",
    "authorName" : "Jean-François Braunstein, Bernard Phan",
    "msPlayed" : 93631
  },
  {
    "endTime" : "2025-02-06 11:00",
    "audiobookName" : "LE Manuel de Culture générale",
    "chapterName" : "Track 36",
    "authorName" : "Jean-François Braunstein, Bernard Phan",
    "msPlayed" : 196571
  },
  {
    "endTime" : "2025-02-06 11:03",
    "audiobookName" : "LE Manuel de Culture générale",
    "chapterName" : "Track 37",
    "authorName" : "Jean-François Braunstein, Bernard Phan",
    "msPlayed" : 133955
  },
  {
    "endTime" : "2025-02-06 11:28",
    "audiobookName" : "LE Manuel de Culture générale",
    "chapterName" : "Track 38",
    "authorName" : "Jean-François Braunstein, Bernard Phan",
    "msPlayed" : 922374
  },
  {
    "endTime" : "2025-02-06 14:29",
    "audiobookName" : "LE Manuel de Culture générale",
    "chapterName" : "Track 38",
    "authorName" : "Jean-François Braunstein, Bernard Phan",
    "msPlayed" : 178668
  },
  {
    "endTime" : "2025-02-06 14:40",
    "audiobookName" : "LE Manuel de Culture générale",
    "chapterName" : "Track 39",
    "authorName" : "Jean-François Braunstein, Bernard Phan",
    "msPlayed" : 651493
  },
  {
    "endTime" : "2025-02-06 15:02",
    "audiobookName" : "LE Manuel de Culture générale",
    "chapterName" : "Track 40",
    "authorName" : "Jean-François Braunstein, Bernard Phan",
    "msPlayed" : 692733
  },
  {
    "endTime" : "2025-02-06 23:20",
    "audiobookName" : "LE Manuel de Culture générale",
    "chapterName" : "Track 40",
    "authorName" : "Jean-François Braunstein, Bernard Phan",
    "msPlayed" : 4063
  },
  {
    "endTime" : "2025-02-12 16:48",
    "audiobookName" : "LE Manuel de Culture générale",
    "chapterName" : "Track 40",
    "authorName" : "Jean-François Braunstein, Bernard Phan",
    "msPlayed" : 1000678
  },
  {
    "endTime" : "2025-02-12 16:56",
    "audiobookName" : "LE Manuel de Culture générale",
    "chapterName" : "Track 41",
    "authorName" : "Jean-François Braunstein, Bernard Phan",
    "msPlayed" : 463647
  },
  {
    "endTime" : "2025-02-12 17:03",
    "audiobookName" : "LE Manuel de Culture générale",
    "chapterName" : "Track 42",
    "authorName" : "Jean-François Braunstein, Bernard Phan",
    "msPlayed" : 407954
  },
  {
    "endTime" : "2025-02-12 17:32",
    "audiobookName" : "LE Manuel de Culture générale",
    "chapterName" : "Track 43",
    "authorName" : "Jean-François Braunstein, Bernard Phan",
    "msPlayed" : 591914
  },
  {
    "endTime" : "2025-02-13 08:02",
    "audiobookName" : "LE Manuel de Culture générale",
    "chapterName" : "Track 43",
    "authorName" : "Jean-François Braunstein, Bernard Phan",
    "msPlayed" : 118101
  },
  {
    "endTime" : "2025-02-13 08:08",
    "audiobookName" : "LE Manuel de Culture générale",
    "chapterName" : "Track 44",
    "authorName" : "Jean-François Braunstein, Bernard Phan",
    "msPlayed" : 394919
  },
  {
    "endTime" : "2025-02-13 08:21",
    "audiobookName" : "LE Manuel de Culture générale",
    "chapterName" : "Track 45",
    "authorName" : "Jean-François Braunstein, Bernard Phan",
    "msPlayed" : 780355
  },
  {
    "endTime" : "2025-02-13 08:31",
    "audiobookName" : "LE Manuel de Culture générale",
    "chapterName" : "Track 46",
    "authorName" : "Jean-François Braunstein, Bernard Phan",
    "msPlayed" : 602200
  },
  {
    "endTime" : "2025-02-13 08:37",
    "audiobookName" : "LE Manuel de Culture générale",
    "chapterName" : "Track 47",
    "authorName" : "Jean-François Braunstein, Bernard Phan",
    "msPlayed" : 349988
  },
  {
    "endTime" : "2025-02-13 08:46",
    "audiobookName" : "LE Manuel de Culture générale",
    "chapterName" : "Track 48",
    "authorName" : "Jean-François Braunstein, Bernard Phan",
    "msPlayed" : 479654
  }
]