{
  "topArtists": {
    "numUniqueArtists": 3096,
    "topArtists": [
      {
        "artistUri": "spotify:artist:7yeFMUrYTY5cAZx0GKXnti"
      },
      {
        "artistUri": "spotify:artist:76Pl0epAMXVXJspaSuz8im"
      },
      {
        "artistUri": "spotify:artist:3Sz7ZnJQBIHsXLUSo0OQtM"
      },
      {
        "artistUri": "spotify:artist:1peoXq0RPx7czVoFjloeDQ"
      },
      {
        "artistUri": "spotify:artist:5DE0by3fZT0nrlJSutY2D7"
      }
    ],
    "topArtistMilliseconds": 32824939,
    "topArtistFanPercentage": 0.015756428
  },
  "topPodcasts": {
    "topPodcastsUri": [
      "spotify:show:108ja5N6Lhjl7M8TjTYcNa",
      "spotify:show:2ceI3IzPwHJywfQTAtrQSI",
      "spotify:show:4Lc8Fp7QAVsILrKZ41Mtbu",
      "spotify:show:1QSQSKhOnNKkm6jr4afJHg",
      "spotify:show:3jGBHbZGDe8U51nLDXAbco"
    ],
    "topPodcastMilliseconds": 58614213,
    "topPodcastPercentage": 0.0,
    "totalPodcastMilliseconds": 286880631
  },
  "topTracks": {
    "topTracks": [
      "spotify:track:0WAEGVylZjbe2mQ6Or6HxY",
      "spotify:track:6qUkNMd34rjpDP5EUy9JNS",
      "spotify:track:39SOKr6Ayb2nGvL2rjdaJF",
      "spotify:track:1M3D5FWqKil0eNpKksKBa1",
      "spotify:track:697zIbTO0LMhupzGblYREm"
    ],
    "topTrackPlayCount": 36,
    "topTrackFirstPlayedDate": "2024-02-14",
    "distinctTracksPlayed": 4835
  },
  "yearlyMetrics": {
    "totalMsListened": 2228375485,
    "mostListenedDay": "2024-03-13",
    "mostListenedDayMinutes": 722.95,
    "percentGreaterThanWorldwideUsers": 92.13108
  },
  "musicEvolution": {
    "eras": [
      {
        "key": "0",
        "peakMonth": 6,
        "color": "green-blue",
        "genre": "jazz rap",
        "mood": "smooth",
        "descriptor": "abstract",
        "pivotalArtists": [
          "spotify:artist:09hVIj6vWgoCDtT03h8ZCa",
          "spotify:artist:1peoXq0RPx7czVoFjloeDQ",
          "spotify:artist:6IjhOxJSTPh15KgFTSZ68K"
        ],
        "tracks": [
          {
            "trackName": "Love, of Money",
            "trackUri": "spotify:track:6qUkNMd34rjpDP5EUy9JNS"
          },
          {
            "trackName": "A Little Of This",
            "trackUri": "spotify:track:1M3D5FWqKil0eNpKksKBa1"
          },
          {
            "trackName": "Coco Mango Diced (Boy Scout Mix)",
            "trackUri": "spotify:track:1p2IlA7UbxNYenX9uE72V9"
          }
        ]
      },
      {
        "key": "1",
        "peakMonth": 8,
        "color": "blue",
        "genre": "rap",
        "mood": "chill",
        "descriptor": "football",
        "pivotalArtists": [
          "spotify:artist:5K4W6rqBFWDnAN6FQUkS6x",
          "spotify:artist:1URnnhqYAYcrqrcwql10ft",
          "spotify:artist:73sIBHcqh3Z3NyqHKZ7FOL"
        ],
        "tracks": [
          {
            "trackName": "IV. Sweatpants",
            "trackUri": "spotify:track:3x4I4nRuZp5NdtGvCPw6Ms"
          },
          {
            "trackName": "La Bitch Veut Me Violer",
            "trackUri": "spotify:track:2YSC7A36zmiasrgQNe34YP"
          },
          {
            "trackName": "redrum",
            "trackUri": "spotify:track:52eIcoLUM25zbQupAZYoFh"
          }
        ]
      },
      {
        "key": "2",
        "peakMonth": 9,
        "color": "yellow-green",
        "genre": "french hip hop",
        "mood": "snowy",
        "descriptor": "scratch",
        "pivotalArtists": [
          "spotify:artist:7yeFMUrYTY5cAZx0GKXnti",
          "spotify:artist:76Pl0epAMXVXJspaSuz8im",
          "spotify:artist:5l8WyvJ50fdSghK2ySNq1y"
        ],
        "tracks": [
          {
            "trackName": "PARTIE II : TIME CRISIS",
            "trackUri": "spotify:track:39SOKr6Ayb2nGvL2rjdaJF"
          },
          {
            "trackName": "ISUZU",
            "trackUri": "spotify:track:3RIDouhJRNslJAdKHhFSDk"
          },
          {
            "trackName": "Goût du beurre",
            "trackUri": "spotify:track:6S7e7WM3Jyy88RviWeeQbB"
          }
        ]
      }
    ]
  }
}