{
  "tracks": [
    {
      "artist": "Swing",
      "album": "ALT F4",
      "track": "Soon",
      "uri": "spotify:track:5IHsH58wpfMV2bgCSu4Eki"
    },
    {
      "artist": "Swing",
      "album": "Marabout",
      "track": "Rivage",
      "uri": "spotify:track:0s4GCRjHuBh86j5AMnBn9c"
    }
  ],
  "albums": [
    {
      "artist": "Cal Tjader",
      "album": "Agua Dulce",
      "uri": "spotify:album:2WH2F61riLGzebvDJVEOXe"
    },
    {
      "artist": "Jean-Jacques Perrey",
      "album": "Moog Indigo",
      "uri": "spotify:album:6ByFx8BCQBpLVk3GiMkPx9"
    },
    {
      "artist": "Kheops",
      "album": "Sad Hill",
      "uri": "spotify:album:2IukeSRpZNwUXnQq20BDjz"
    },
    {
      "artist": "The 3 Pieces",
      "album": "Vibes Of Truth",
      "uri": "spotify:album:249e8UBxJa6YZ5UDbsdjPp"
    },
    {
      "artist": "Idris Muhammad",
      "album": "Black Rhythm Revolution!",
      "uri": "spotify:album:7x8mQewSfPv3a7qZRF7Ehn"
    },
    {
      "artist": "Various Artists",
      "album": "Jazz Dispensary: The Dank D-Funk Blend",
      "uri": "spotify:album:3Aype1G6e7aEA8VuaFEOa4"
    },
    {
      "artist": "Funk Inc.",
      "album": "Superfunk",
      "uri": "spotify:album:7MCnlejwp0RwkpGcaxvUkT"
    },
    {
      "artist": "Roger Glenn",
      "album": "Reachin'",
      "uri": "spotify:album:76lEBRysdMBpnFP3W8PxU8"
    },
    {
      "artist": "Esther Marrow",
      "album": "Sister Woman",
      "uri": "spotify:album:70ZOlY2fpuw63cUFzhiex8"
    },
    {
      "artist": "The Blackbyrds",
      "album": "The Blackbyrds",
      "uri": "spotify:album:1QLlBRaHnt4VlkOYRYLg3N"
    },
    {
      "artist": "Various Artists",
      "album": "Jazz Dispensary: Soul Diesel, Vol. 2",
      "uri": "spotify:album:49WUSuzTRyjhTfH0ROPxO5"
    },
    {
      "artist": "Kid Cudi",
      "album": "A Kid Named Cudi",
      "uri": "spotify:album:2blXZboio9DF8VC39LmUag"
    },
    {
      "artist": "Dizzy Gillespie",
      "album": "Free Ride",
      "uri": "spotify:album:2REeWomKOO96sIlsrwKjZb"
    },
    {
      "artist": "Cal Tjader",
      "album": "Last Bolero In Berkeley",
      "uri": "spotify:album:7DDnqra4meExtYTzIbkQLq"
    },
    {
      "artist": "The Cannonball Adderley Quintet",
      "album": "Pyramid",
      "uri": "spotify:album:7tbqujJRrkcahMdacaa1L2"
    },
    {
      "artist": "Various Artists",
      "album": "Jazz Dispensary: Haunted High",
      "uri": "spotify:album:5UCzjZWeWEOaOLumpmBsKc"
    },
    {
      "artist": "Aphex Twin",
      "album": "Come To Daddy",
      "uri": "spotify:album:6sIEBpy5gl3DqC6KPasPpx"
    },
    {
      "artist": "Dorothy Ashby",
      "album": "Afro-Harping",
      "uri": "spotify:album:1XEPKavl3nlI2qVt8HuA5n"
    },
    {
      "artist": "24 Carat Black",
      "album": "Ghetto: Misfortune's Wealth",
      "uri": "spotify:album:0v4BWrBj5t5GC9jBt3HYSg"
    },
    {
      "artist": "Rogér Fakhr",
      "album": "Fine Anyway (Habibi Funk 016)",
      "uri": "spotify:album:2SUgDf5a0P3u98kdkEBF3R"
    },
    {
      "artist": "The Silhouettes Project",
      "album": "The Silhouettes Project, Vol. 2",
      "uri": "spotify:album:6GjyshlYp4mykcyT7rxoAs"
    },
    {
      "artist": "Chuck Strangers",
      "album": "A Forsaken Lover's Plea",
      "uri": "spotify:album:02MmFj3ONHFwvZMfZXWtPy"
    },
    {
      "artist": "Various Artists",
      "album": "Jazz Dispensary: Super Skunk",
      "uri": "spotify:album:0m5bODEDaP0nxnki6dO7he"
    },
    {
      "artist": "Various Artists",
      "album": "Jazz Dispensary: The Dank D-Funk Blend, Vol. 2",
      "uri": "spotify:album:7dLGSkKXnxCmpO7L4kfrpZ"
    },
    {
      "artist": "Leon Spencer",
      "album": "Where I'm Coming From",
      "uri": "spotify:album:5RstZuDrByPHcwYKKHwtn9"
    },
    {
      "artist": "Johnny \"Guitar\" Watson",
      "album": "Listen",
      "uri": "spotify:album:0zzVpVWRl3nKQppBGzfV0d"
    },
    {
      "artist": "Dorothy Ashby",
      "album": "Hip Harp",
      "uri": "spotify:album:43iQtyCXjLLnDY4aWz0rlq"
    },
    {
      "artist": "Pleasure",
      "album": "Joyous",
      "uri": "spotify:album:2Cwbiyc7pUytYiWP7AtcND"
    },
    {
      "artist": "Sadao Watanabe",
      "album": "ザ・ベスト+3",
      "uri": "spotify:album:6v5kelO79mrwdOlWNzQtg1"
    },
    {
      "artist": "Idris Muhammad",
      "album": "Peace And Rhythm",
      "uri": "spotify:album:6mQraXtNqMmEaGxFWxb0d6"
    },
    {
      "artist": "Childish Gambino",
      "album": "Bando Stone and The New World",
      "uri": "spotify:album:4yUqNSK6jMi7Y6eWl03U5r"
    },
    {
      "artist": "Merl Saunders",
      "album": "Merl Saunders",
      "uri": "spotify:album:2tny0fHkk70aYx0rs94HgD"
    },
    {
      "artist": "Various Artists",
      "album": "Jazz Dispensary: Purple Funk, Vol. 2",
      "uri": "spotify:album:5ppOdzRe8rzVov5yx3NwUe"
    },
    {
      "artist": "Pucho & The Latin Soul Brothers",
      "album": "Heat!",
      "uri": "spotify:album:335k6H8YOpQD7IatbxQq31"
    },
    {
      "artist": "Various Artists",
      "album": "Jazz Dispensary: Orange Sunset",
      "uri": "spotify:album:2HvB8thFvdD3wFANyRfPBf"
    },
    {
      "artist": "Azymuth",
      "album": "Telecommunication",
      "uri": "spotify:album:1LiMYDla1whG3ZgPEx9J1z"
    },
    {
      "artist": "Björk",
      "album": "Post",
      "uri": "spotify:album:2lYwBB5l7GqgyHFTHz0Itd"
    },
    {
      "artist": "David Axelrod",
      "album": "Heavy Axe",
      "uri": "spotify:album:2EjwqWPki99zQ3THEX2Sum"
    },
    {
      "artist": "Aphex Twin",
      "album": "Drukqs",
      "uri": "spotify:album:2oJo7cB45gMVuRsaWNwDq2"
    },
    {
      "artist": "Charles Earland",
      "album": "Black Drops",
      "uri": "spotify:album:0bMFf2hgm2K4YyTshJbsZ3"
    },
    {
      "artist": "Aphex Twin",
      "album": "...I Care Because You Do",
      "uri": "spotify:album:6TmEZKJtPJ9mPsMBmyteCE"
    }
  ],
  "shows": [
    {
      "name": "Culture G",
      "publisher": "Studio Biloba",
      "uri": "spotify:show:5AU3GzHiJhrRgUsJ8iEdxZ"
    },
    {
      "name": "Fifty States — un Podcast Quotidien",
      "publisher": "Quotidien",
      "uri": "spotify:show:2ZQ7aoNwthPykcLaDNH1Q9"
    },
    {
      "name": "HugoDécrypte - Actus et interviews",
      "publisher": "Hugo Décrypte",
      "uri": "spotify:show:6y1PloEyNsCNJH9vHias4T"
    },
    {
      "name": "Journal de 07h00",
      "publisher": "France Inter",
      "uri": "spotify:show:58PM4YR8kDyH7lU5yVbgjT"
    },
    {
      "name": "Journal de 08h00",
      "publisher": "France Inter",
      "uri": "spotify:show:108ja5N6Lhjl7M8TjTYcNa"
    },
    {
      "name": "KOSMOS",
      "publisher": "Fabien Bizet",
      "uri": "spotify:show:1LeWBMv5bIU1j0MYunVzTH"
    },
    {
      "name": "Le Dolmen ",
      "publisher": "Le Dolmen",
      "uri": "spotify:show:3dXvNK084kpDWyp2rOSzQR"
    },
    {
      "name": "Le Phil d'Actu - Philosophie et Actualité",
      "publisher": "Alice de Rochechouart",
      "uri": "spotify:show:6d9U2NiY1792t8gNE9Eptm"
    },
    {
      "name": "Le Précepteur",
      "publisher": "Charles Robin",
      "uri": "spotify:show:4Lc8Fp7QAVsILrKZ41Mtbu"
    },
    {
      "name": "Les Pieds sur terre",
      "publisher": "France Culture",
      "uri": "spotify:show:2VRR0TGLn4ckba3J0UyJjq"
    },
    {
      "name": "Poussière d'étoile",
      "publisher": "Ripley Media",
      "uri": "spotify:show:2HfAnlIFYi7L7GMgZ2lR1M"
    },
    {
      "name": "Small Talk - Konbini",
      "publisher": "Konbini",
      "uri": "spotify:show:3KiWj4g3uxatHMPox4MKcj"
    },
    {
      "name": "Storiavoce, un podcast d'Histoire & Civilisations",
      "publisher": "Storiavoce",
      "uri": "spotify:show:3q09jBiYIJ1NGnAMYuDQeH"
    }
  ],
  "episodes": [
  ],
  "bannedTracks": [
  ],
  "artists": [
    {
      "name": "21 Savage",
      "uri": "spotify:artist:1URnnhqYAYcrqrcwql10ft"
    },
    {
      "name": "A Tribe Called Quest",
      "uri": "spotify:artist:09hVIj6vWgoCDtT03h8ZCa"
    },
    {
      "name": "ASHE 22",
      "uri": "spotify:artist:3tTvSeZiFDP3CY5EdPGcR4"
    },
    {
      "name": "Ahmad Anonimis",
      "uri": "spotify:artist:3wnsNFtqQ75UEUAN3PwkPH"
    },
    {
      "name": "Alkpote",
      "uri": "spotify:artist:0QcZD8V0Ug1KINWBSyG0dB"
    },
    {
      "name": "Alpha Wann",
      "uri": "spotify:artist:7yeFMUrYTY5cAZx0GKXnti"
    },
    {
      "name": "Arctic Monkeys",
      "uri": "spotify:artist:7Ln80lUS6He07XvHI8qqHH"
    },
    {
      "name": "B. Cool-Aid",
      "uri": "spotify:artist:2Ng5YIxfFxELV3scQVISlB"
    },
    {
      "name": "Bolivard",
      "uri": "spotify:artist:4I9Jjqu3WodJ5v8VOoeWyE"
    },
    {
      "name": "Bronze Nazareth",
      "uri": "spotify:artist:4VhYUWpDsLraUG6Sd8g9TF"
    },
    {
      "name": "Caballero",
      "uri": "spotify:artist:5DE0by3fZT0nrlJSutY2D7"
    },
    {
      "name": "Caballero & JeanJass",
      "uri": "spotify:artist:1mMUzAMrNqoTHgtxA0dZi6"
    },
    {
      "name": "Celeste",
      "uri": "spotify:artist:49HlOY4gkHqsYG9GCuhkcc"
    },
    {
      "name": "Chuck Strangers",
      "uri": "spotify:artist:1o1szEyRkKUmDfqHOsU9b5"
    },
    {
      "name": "Cigarettes After Sex",
      "uri": "spotify:artist:1QAJqy2dA3ihHBFIHRphZj"
    },
    {
      "name": "Clairo",
      "uri": "spotify:artist:3l0CmX0FuQjFxr8SK7Vqag"
    },
    {
      "name": "Common",
      "uri": "spotify:artist:2GHclqNVjqGuiE5mA7BEoc"
    },
    {
      "name": "Damso",
      "uri": "spotify:artist:2UwqpfQtNuhBwviIC0f2ie"
    },
    {
      "name": "Deen Burbigo",
      "uri": "spotify:artist:2OTfhbxhBO1u1bAuCy6ouu"
    },
    {
      "name": "Francis Lai",
      "uri": "spotify:artist:0Lf3tvw0Rzwr38KDrShstn"
    },
    {
      "name": "Frank Sativa",
      "uri": "spotify:artist:10uDX8MnRj05PQIVGMygO2"
    },
    {
      "name": "Freeze corleone",
      "uri": "spotify:artist:76Pl0epAMXVXJspaSuz8im"
    },
    {
      "name": "Guru",
      "uri": "spotify:artist:6xyaria4AcxjRuJZLkWvMW"
    },
    {
      "name": "J. Cole",
      "uri": "spotify:artist:6l3HvQ5sa6mXTsMTB19rO5"
    },
    {
      "name": "Jacques",
      "uri": "spotify:artist:55i4AnS7E58y41UwE0vvQh"
    },
    {
      "name": "Jazzy Bazz",
      "uri": "spotify:artist:0cMsSWXCY2Wag16luxN6fL"
    },
    {
      "name": "JeanJass",
      "uri": "spotify:artist:11jTIrOwxFOLvhJIdb4FYo"
    },
    {
      "name": "Jeremy Soule",
      "uri": "spotify:artist:77yY2QmM6bYvjJ3y5L2R0v"
    },
    {
      "name": "Jourden",
      "uri": "spotify:artist:7BJgHEoxvlal00T5B0Ro5u"
    },
    {
      "name": "Kendrick Lamar",
      "uri": "spotify:artist:2YZyLoL8N0Wb9xBt1NhZWg"
    },
    {
      "name": "Kota the Friend",
      "uri": "spotify:artist:2AfU5LYBVCiCtuCCfM7uVX"
    },
    {
      "name": "Luidji",
      "uri": "spotify:artist:3bRGJQd7b4lE3ZAEMfOXJp"
    },
    {
      "name": "Luv Resval",
      "uri": "spotify:artist:5l8WyvJ50fdSghK2ySNq1y"
    },
    {
      "name": "MAVI",
      "uri": "spotify:artist:1peoXq0RPx7czVoFjloeDQ"
    },
    {
      "name": "MAXIMUM THE HORMONE",
      "uri": "spotify:artist:3AMut7lAb1JjINkn8Fmkhu"
    },
    {
      "name": "MESSIAH!",
      "uri": "spotify:artist:7nfddgqZWzCgRcgZvjJqgo"
    },
    {
      "name": "Mac DeMarco",
      "uri": "spotify:artist:3Sz7ZnJQBIHsXLUSo0OQtM"
    },
    {
      "name": "Mach-Hommy",
      "uri": "spotify:artist:3ZMur3elMyOs248ah86NRk"
    },
    {
      "name": "Makala",
      "uri": "spotify:artist:3r7t38zbphQtpfAH12UbRd"
    },
    {
      "name": "Maxo",
      "uri": "spotify:artist:758sHPdw5FpB5ZM8f5MpXe"
    },
    {
      "name": "Men I Trust",
      "uri": "spotify:artist:3zmfs9cQwzJl575W1ZYXeT"
    },
    {
      "name": "Mick Jenkins",
      "uri": "spotify:artist:1FvjvACFvko2Z91IvDljrx"
    },
    {
      "name": "Mos Def",
      "uri": "spotify:artist:0Mz5XE0kb1GBnbLQm2VbcO"
    },
    {
      "name": "Ovrkast.",
      "uri": "spotify:artist:4YISTUJnoZtAy6LjgOpRL7"
    },
    {
      "name": "PLK",
      "uri": "spotify:artist:3DCWeG2J1fZeu0Oe6i5Q6m"
    },
    {
      "name": "Roland Cristal",
      "uri": "spotify:artist:3JOPSnZYkyyM9pS1Dpswbf"
    },
    {
      "name": "Ross from Friends",
      "uri": "spotify:artist:1Ma3pJzPIrAyYPNRkp3SUF"
    },
    {
      "name": "SCH",
      "uri": "spotify:artist:2kXKa3aAFngGz2P4GjG5w2"
    },
    {
      "name": "Salut C'est Cool",
      "uri": "spotify:artist:53zPVFS5lrh8IAwsr7JdL1"
    },
    {
      "name": "Sandro Brugnolini",
      "uri": "spotify:artist:31Z6mUDFOvTooxYZjumHns"
    },
    {
      "name": "Sideshow",
      "uri": "spotify:artist:53xeKWbSRuGgTxViJTAZKC"
    },
    {
      "name": "Slum Village",
      "uri": "spotify:artist:1020a42xVklY6c56imNcaa"
    },
    {
      "name": "The Pharcyde",
      "uri": "spotify:artist:7yk35uHNQclPXFGFoTU44w"
    },
    {
      "name": "The Roots",
      "uri": "spotify:artist:78xUyw6FkVZrRAtziFdtdu"
    },
    {
      "name": "Thee Sacred Souls",
      "uri": "spotify:artist:0oK5D6uPhGu4Jk2dbZfodU"
    },
    {
      "name": "Travis Scott",
      "uri": "spotify:artist:0Y5tJX1MQlPlqiwlOH1tJY"
    },
    {
      "name": "Vald",
      "uri": "spotify:artist:3CnCGFxXbOA8bAK54jR8js"
    },
    {
      "name": "Vansire",
      "uri": "spotify:artist:6ft7JnxMyZhp7N52qzHymY"
    },
    {
      "name": "You Man",
      "uri": "spotify:artist:7J7wDWLxbvVQdozTVeNWdp"
    },
    {
      "name": "jev.",
      "uri": "spotify:artist:6OmxkansdRyVTvo6BpZzKF"
    }
  ],
  "bannedArtists": [
  ],
  "other": [
  ]
}